id,customer_code,order_type,source_system,source_file,source_row_no,record_token,start_month,due_date,product_code,quantity,raw_payload,parse_status,error_message,created_at,updated_at
477,0001,FIRM,CSV,20251204取込済_E820T1-Y55-251204074545.csv,2,,NULL,NULL,,0.000,"{"M歴": "005", "単位": "7", "図歴": "001", "図番": "YD40003850", "棚番": "", "納期": "20251215", "表歴": "", "防錆": "", "項番": "", "送付No": "1296", "包装１": "", "包装２": "", "納入先": "ﾃｨｴﾗ", "総重量": "", "仕上重量": "", "保管場所": "MP9000", "受注番号": "", "受注項番": "", "塗装翻訳": "", "検査区分": "8", "注文数量": "1", "注文番号": "42709321", "納入場所": "ｼｶﾞﾆｳｹ", "製造指図": "5C0009869480", "部品番号24": "YD40003850_0010-0010", "データ区分": "Y55", "データ種別": "HH495", "ポスト区分": "4", "ライン区分": "TA", "企業コード": "XXXXX", "備付マーク": "X", "原因コード": "", "組織コード": "TA0", "カンバンＮｏ": "", "レコード区分": "1", "不良責任部署": "", "事業所コード": "XXX", "検査区分翻訳": "ﾏﾙﾕｳ", "発注処理区分": "", "発注理由区分": "", "発注種類区分": "T", "社内郵便番号": "", "納品書用品名": "ブレード", "経費依頼者名": "", "保安Ａ部品区分": "0", "サプライヤコード": "E820T2", "サプライヤ正式名": "ダイソウ工業株式会社", "プロジェクトＮｏ": "TAAFE251030001", "納品書用品名ｶﾅ": "BLADE", "調達品分野コード": "T3", "C表No/不良通知Ｎｏ": "TA-2512-1030", "次工程送先/支給先": "", "サプライヤ工場区分": "", "日立品目対応データ": "", "管理区分/貸方事業所": "00100010", "バーコードNo（納品書部）": "T0427093210S", "管理番号/包装ロット１・２": "", "バーコードNo（物流カード部）": "FF427093210S"}",ERROR,"Missing required fields","2025-12-04 00:38:56","2025-12-04 00:38:56"
478,0001,FIRM,CSV,20251204取込済_E820T1-Y55-251204074545.csv,3,,NULL,NULL,,0.000,"{"M歴": "007", "単位": "7", "図歴": "000", "図番": "YD40005859", "棚番": "", "納期": "20251215", "表歴": "", "防錆": "", "項番": "", "送付No": "1296", "包装１": "", "包装２": "", "納入先": "ﾃｨｴﾗ", "総重量": "", "仕上重量": "", "保管場所": "MP9000", "受注番号": "", "受注項番": "", "塗装翻訳": "", "検査区分": "8", "注文数量": "1", "注文番号": "42709503", "納入場所": "ｼｶﾞﾆｳｹ", "製造指図": "5C0009870686", "部品番号24": "YD40005859_0010-0010", "データ区分": "Y55", "データ種別": "HH495", "ポスト区分": "4", "ライン区分": "TA", "企業コード": "XXXXX", "備付マーク": "X", "原因コード": "", "組織コード": "TA0", "カンバンＮｏ": "", "レコード区分": "1", "不良責任部署": "", "事業所コード": "XXX", "検査区分翻訳": "ﾏﾙﾕｳ", "発注処理区分": "", "発注理由区分": "", "発注種類区分": "T", "社内郵便番号": "", "納品書用品名": "ブレード", "経費依頼者名": "", "保安Ａ部品区分": "0", "サプライヤコード": "E820T2", "サプライヤ正式名": "ダイソウ工業株式会社", "プロジェクトＮｏ": "TAAEH251030001", "納品書用品名ｶﾅ": "BLADE", "調達品分野コード": "T3", "C表No/不良通知Ｎｏ": "TA-2512-1071", "次工程送先/支給先": "", "サプライヤ工場区分": "", "日立品目対応データ": "", "管理区分/貸方事業所": "00100010", "バーコードNo（納品書部）": "T0427095030U", "管理番号/包装ロット１・２": "", "バーコードNo（物流カード部）": "FF427095030U"}",ERROR,"Missing required fields","2025-12-04 00:38:56","2025-12-04 00:38:56"
479,0001,FIRM,CSV,20251204取込済_E820T1-Y55-251204074545.csv,4,,NULL,NULL,,0.000,"{"M歴": "007", "単位": "7", "図歴": "000", "図番": "YD40005859", "棚番": "", "納期": "20251215", "表歴": "", "防錆": "", "項番": "", "送付No": "1296", "包装１": "", "包装２": "", "納入先": "ﾃｨｴﾗ", "総重量": "", "仕上重量": "", "保管場所": "MP9000", "受注番号": "", "受注項番": "", "塗装翻訳": "", "検査区分": "8", "注文数量": "1", "注文番号": "42709504", "納入場所": "ｼｶﾞﾆｳｹ", "製造指図": "5C0009870687", "部品番号24": "YD40005859_0010-0010", "データ区分": "Y55", "データ種別": "HH495", "ポスト区分": "4", "ライン区分": "TA", "企業コード": "XXXXX", "備付マーク": "X", "原因コード": "", "組織コード": "TA0", "カンバンＮｏ": "", "レコード区分": "1", "不良責任部署": "", "事業所コード": "XXX", "検査区分翻訳": "ﾏﾙﾕｳ", "発注処理区分": "", "発注理由区分": "", "発注種類区分": "T", "社内郵便番号": "", "納品書用品名": "ブレード", "経費依頼者名": "", "保安Ａ部品区分": "0", "サプライヤコード": "E820T2", "サプライヤ正式名": "ダイソウ工業株式会社", "プロジェクトＮｏ": "TAAEP251030001", "納品書用品名ｶﾅ": "BLADE", "調達品分野コード": "T3", "C表No/不良通知Ｎｏ": "TA-2512-1025", "次工程送先/支給先": "", "サプライヤ工場区分": "", "日立品目対応データ": "", "管理区分/貸方事業所": "00100010", "バーコードNo（納品書部）": "T0427095040V", "管理番号/包装ロット１・２": "", "バーコードNo（物流カード部）": "FF427095040V"}",ERROR,"Missing required fields","2025-12-04 00:38:56","2025-12-04 00:38:56"
480,0001,FIRM,CSV,20251204取込済_E820T1-Y55-251204074545.csv,5,,NULL,NULL,,0.000,"{"M歴": "007", "単位": "7", "図歴": "000", "図番": "YD40005859", "棚番": "", "納期": "20251215", "表歴": "", "防錆": "", "項番": "", "送付No": "1296", "包装１": "", "包装２": "", "納入先": "ﾃｨｴﾗ", "総重量": "", "仕上重量": "", "保管場所": "MP9000", "受注番号": "", "受注項番": "", "塗装翻訳": "", "検査区分": "8", "注文数量": "1", "注文番号": "42709505", "納入場所": "ｼｶﾞﾆｳｹ", "製造指図": "5C0009870688", "部品番号24": "YD40005859_0010-0010", "データ区分": "Y55", "データ種別": "HH495", "ポスト区分": "4", "ライン区分": "TA", "企業コード": "XXXXX", "備付マーク": "X", "原因コード": "", "組織コード": "TA0", "カンバンＮｏ": "", "レコード区分": "1", "不良責任部署": "", "事業所コード": "XXX", "検査区分翻訳": "ﾏﾙﾕｳ", "発注処理区分": "", "発注理由区分": "", "発注種類区分": "T", "社内郵便番号": "", "納品書用品名": "ブレード", "経費依頼者名": "", "保安Ａ部品区分": "0", "サプライヤコード": "E820T2", "サプライヤ正式名": "ダイソウ工業株式会社", "プロジェクトＮｏ": "TAAEP251030002", "納品書用品名ｶﾅ": "BLADE", "調達品分野コード": "T3", "C表No/不良通知Ｎｏ": "TA-2512-1018", "次工程送先/支給先": "", "サプライヤ工場区分": "", "日立品目対応データ": "", "管理区分/貸方事業所": "00100010", "バーコードNo（納品書部）": "T0427095050W", "管理番号/包装ロット１・２": "", "バーコードNo（物流カード部）": "FF427095050W"}",ERROR,"Missing required fields","2025-12-04 00:38:56","2025-12-04 00:38:56"
481,0001,FIRM,CSV,20251204取込済_E820T1-Y55-251204074545.csv,6,,NULL,NULL,,0.000,"{"M歴": "008", "単位": "7", "図歴": "000", "図番": "YD40005860", "棚番": "", "納期": "20251215", "表歴": "", "防錆": "", "項番": "", "送付No": "1296", "包装１": "", "包装２": "", "納入先": "ﾃｨｴﾗ", "総重量": "", "仕上重量": "", "保管場所": "MP9000", "受注番号": "", "受注項番": "", "塗装翻訳": "", "検査区分": "8", "注文数量": "1", "注文番号": "42709506", "納入場所": "ｼｶﾞﾆｳｹ", "製造指図": "5C0009870689", "部品番号24": "YD40005860_0010-0010", "データ区分": "Y55", "データ種別": "HH495", "ポスト区分": "4", "ライン区分": "TA", "企業コード": "XXXXX", "備付マーク": "X", "原因コード": "", "組織コード": "TA0", "カンバンＮｏ": "", "レコード区分": "1", "不良責任部署": "", "事業所コード": "XXX", "検査区分翻訳": "ﾏﾙﾕｳ", "発注処理区分": "", "発注理由区分": "", "発注種類区分": "T", "社内郵便番号": "", "納品書用品名": "ブレード", "経費依頼者名": "", "保安Ａ部品区分": "0", "サプライヤコード": "E820T2", "サプライヤ正式名": "ダイソウ工業株式会社", "プロジェクトＮｏ": "TAAEA251030001", "納品書用品名ｶﾅ": "BLADE", "調達品分野コード": "T3", "C表No/不良通知Ｎｏ": "TA-2512-1056", "次工程送先/支給先": "", "サプライヤ工場区分": "", "日立品目対応データ": "", "管理区分/貸方事業所": "00100010", "バーコードNo（納品書部）": "T0427095060X", "管理番号/包装ロット１・２": "", "バーコードNo（物流カード部）": "FF427095060X"}",ERROR,"Missing required fields","2025-12-04 00:38:56","2025-12-04 00:38:56"
482,0001,FIRM,CSV,20251204取込済_E820T1-Y55-251204074545.csv,7,,NULL,NULL,,0.000,"{"M歴": "008", "単位": "7", "図歴": "000", "図番": "YD40005860", "棚番": "", "納期": "20251215", "表歴": "", "防錆": "", "項番": "", "送付No": "1296", "包装１": "", "包装２": "", "納入先": "ﾃｨｴﾗ", "総重量": "", "仕上重量": "", "保管場所": "MP9000", "受注番号": "", "受注項番": "", "塗装翻訳": "", "検査区分": "8", "注文数量": "1", "注文番号": "42709507", "納入場所": "ｼｶﾞﾆｳｹ", "製造指図": "5C0009870690", "部品番号24": "YD40005860_0010-0010", "データ区分": "Y55", "データ種別": "HH495", "ポスト区分": "4", "ライン区分": "TA", "企業コード": "XXXXX", "備付マーク": "X", "原因コード": "", "組織コード": "TA0", "カンバンＮｏ": "", "レコード区分": "1", "不良責任部署": "", "事業所コード": "XXX", "検査区分翻訳": "ﾏﾙﾕｳ", "発注処理区分": "", "発注理由区分": "", "発注種類区分": "T", "社内郵便番号": "", "納品書用品名": "ブレード", "経費依頼者名": "", "保安Ａ部品区分": "0", "サプライヤコード": "E820T2", "サプライヤ正式名": "ダイソウ工業株式会社", "プロジェクトＮｏ": "TAAEA251030002", "納品書用品名ｶﾅ": "BLADE", "調達品分野コード": "T3", "C表No/不良通知Ｎｏ": "TA-2512-1074", "次工程送先/支給先": "", "サプライヤ工場区分": "", "日立品目対応データ": "", "管理区分/貸方事業所": "00100010", "バーコードNo（納品書部）": "T0427095070Y", "管理番号/包装ロット１・２": "", "バーコードNo（物流カード部）": "FF427095070Y"}",ERROR,"Missing required fields","2025-12-04 00:38:56","2025-12-04 00:38:56"
483,0001,FIRM,CSV,20251204取込済_E820T1-Y55-251204074545.csv,8,,NULL,NULL,,0.000,"{"M歴": "007", "単位": "7", "図歴": "000", "図番": "YD40005862", "棚番": "", "納期": "20251215", "表歴": "", "防錆": "", "項番": "", "送付No": "1296", "包装１": "", "包装２": "", "納入先": "ﾃｨｴﾗ", "総重量": "", "仕上重量": "", "保管場所": "MP9000", "受注番号": "", "受注項番": "", "塗装翻訳": "", "検査区分": "8", "注文数量": "1", "注文番号": "42709508", "納入場所": "ｼｶﾞﾆｳｹ", "製造指図": "5C0009870691", "部品番号24": "YD40005862_0010-0010", "データ区分": "Y55", "データ種別": "HH495", "ポスト区分": "4", "ライン区分": "TA", "企業コード": "XXXXX", "備付マーク": "X", "原因コード": "", "組織コード": "TA0", "カンバンＮｏ": "", "レコード区分": "1", "不良責任部署": "", "事業所コード": "XXX", "検査区分翻訳": "ﾏﾙﾕｳ", "発注処理区分": "", "発注理由区分": "", "発注種類区分": "T", "社内郵便番号": "", "納品書用品名": "ブレード", "経費依頼者名": "", "保安Ａ部品区分": "0", "サプライヤコード": "E820T2", "サプライヤ正式名": "ダイソウ工業株式会社", "プロジェクトＮｏ": "TAAEJ251030001", "納品書用品名ｶﾅ": "BLADE", "調達品分野コード": "T3", "C表No/不良通知Ｎｏ": "TA-2512-1063", "次工程送先/支給先": "", "サプライヤ工場区分": "", "日立品目対応データ": "", "管理区分/貸方事業所": "00100010", "バーコードNo（納品書部）": "T0427095080Z", "管理番号/包装ロット１・２": "", "バーコードNo（物流カード部）": "FF427095080Z"}",ERROR,"Missing required fields","2025-12-04 00:38:56","2025-12-04 00:38:56"
484,0001,FIRM,CSV,20251204取込済_E820T1-Y55-251204074545.csv,9,,NULL,NULL,,0.000,"{"M歴": "007", "単位": "7", "図歴": "000", "図番": "YD40005862", "棚番": "", "納期": "20251215", "表歴": "", "防錆": "", "項番": "", "送付No": "1296", "包装１": "", "包装２": "", "納入先": "ﾃｨｴﾗ", "総重量": "", "仕上重量": "", "保管場所": "MP9000", "受注番号": "", "受注項番": "", "塗装翻訳": "", "検査区分": "8", "注文数量": "1", "注文番号": "42709509", "納入場所": "ｼｶﾞﾆｳｹ", "製造指図": "5C0009870692", "部品番号24": "YD40005862_0010-0010", "データ区分": "Y55", "データ種別": "HH495", "ポスト区分": "4", "ライン区分": "TA", "企業コード": "XXXXX", "備付マーク": "X", "原因コード": "", "組織コード": "TA0", "カンバンＮｏ": "", "レコード区分": "1", "不良責任部署": "", "事業所コード": "XXX", "検査区分翻訳": "ﾏﾙﾕｳ", "発注処理区分": "", "発注理由区分": "", "発注種類区分": "T", "社内郵便番号": "", "納品書用品名": "ブレード", "経費依頼者名": "", "保安Ａ部品区分": "0", "サプライヤコード": "E820T2", "サプライヤ正式名": "ダイソウ工業株式会社", "プロジェクトＮｏ": "TAAEQ251030001", "納品書用品名ｶﾅ": "BLADE", "調達品分野コード": "T3", "C表No/不良通知Ｎｏ": "TA-2512-1058", "次工程送先/支給先": "", "サプライヤ工場区分": "", "日立品目対応データ": "", "管理区分/貸方事業所": "00100010", "バーコードNo（納品書部）": "T04270950900", "管理番号/包装ロット１・２": "", "バーコードNo（物流カード部）": "FF4270950900"}",ERROR,"Missing required fields","2025-12-04 00:38:56","2025-12-04 00:38:56"
485,0001,FIRM,CSV,20251204取込済_E820T1-Y55-251204074545.csv,10,,NULL,NULL,,0.000,"{"M歴": "007", "単位": "7", "図歴": "000", "図番": "YD40005862", "棚番": "", "納期": "20251215", "表歴": "", "防錆": "", "項番": "", "送付No": "1296", "包装１": "", "包装２": "", "納入先": "ﾃｨｴﾗ", "総重量": "", "仕上重量": "", "保管場所": "MP9000", "受注番号": "", "受注項番": "", "塗装翻訳": "", "検査区分": "8", "注文数量": "1", "注文番号": "42709510", "納入場所": "ｼｶﾞﾆｳｹ", "製造指図": "5C0009870693", "部品番号24": "YD40005862_0010-0010", "データ区分": "Y55", "データ種別": "HH495", "ポスト区分": "4", "ライン区分": "TA", "企業コード": "XXXXX", "備付マーク": "X", "原因コード": "", "組織コード": "TA0", "カンバンＮｏ": "", "レコード区分": "1", "不良責任部署": "", "事業所コード": "XXX", "検査区分翻訳": "ﾏﾙﾕｳ", "発注処理区分": "", "発注理由区分": "", "発注種類区分": "T", "社内郵便番号": "", "納品書用品名": "ブレード", "経費依頼者名": "", "保安Ａ部品区分": "0", "サプライヤコード": "E820T2", "サプライヤ正式名": "ダイソウ工業株式会社", "プロジェクトＮｏ": "TAAEQ251030002", "納品書用品名ｶﾅ": "BLADE", "調達品分野コード": "T3", "C表No/不良通知Ｎｏ": "TA-2512-1014", "次工程送先/支給先": "", "サプライヤ工場区分": "", "日立品目対応データ": "", "管理区分/貸方事業所": "00100010", "バーコードNo（納品書部）": "T0427095100S", "管理番号/包装ロット１・２": "", "バーコードNo（物流カード部）": "FF427095100S"}",ERROR,"Missing required fields","2025-12-04 00:38:56","2025-12-04 00:38:56"
486,0001,FIRM,CSV,20251204取込済_E820T1-Y55-251204074545.csv,11,,NULL,NULL,,0.000,"{"M歴": "007", "単位": "7", "図歴": "000", "図番": "YD40005862", "棚番": "", "納期": "20251215", "表歴": "", "防錆": "", "項番": "", "送付No": "1296", "包装１": "", "包装２": "", "納入先": "ﾃｨｴﾗ", "総重量": "", "仕上重量": "", "保管場所": "MP9000", "受注番号": "", "受注項番": "", "塗装翻訳": "", "検査区分": "8", "注文数量": "1", "注文番号": "42709511", "納入場所": "ｼｶﾞﾆｳｹ", "製造指図": "5C0009870694", "部品番号24": "YD40005862_0010-0010", "データ区分": "Y55", "データ種別": "HH495", "ポスト区分": "4", "ライン区分": "TA", "企業コード": "XXXXX", "備付マーク": "X", "原因コード": "", "組織コード": "TA0", "カンバンＮｏ": "", "レコード区分": "1", "不良責任部署": "", "事業所コード": "XXX", "検査区分翻訳": "ﾏﾙﾕｳ", "発注処理区分": "", "発注理由区分": "", "発注種類区分": "T", "社内郵便番号": "", "納品書用品名": "ブレード", "経費依頼者名": "", "保安Ａ部品区分": "0", "サプライヤコード": "E820T2", "サプライヤ正式名": "ダイソウ工業株式会社", "プロジェクトＮｏ": "TAAEQ251030003", "納品書用品名ｶﾅ": "BLADE", "調達品分野コード": "T3", "C表No/不良通知Ｎｏ": "TA-2512-1086", "次工程送先/支給先": "", "サプライヤ工場区分": "", "日立品目対応データ": "", "管理区分/貸方事業所": "00100010", "バーコードNo（納品書部）": "T0427095110T", "管理番号/包装ロット１・２": "", "バーコードNo（物流カード部）": "FF427095110T"}",ERROR,"Missing required fields","2025-12-04 00:38:56","2025-12-04 00:38:56"
487,0001,FIRM,CSV,20251204取込済_E820T1-Y55-251204074545.csv,12,,NULL,NULL,,0.000,"{"M歴": "007", "単位": "7", "図歴": "000", "図番": "YD40005862", "棚番": "", "納期": "20251215", "表歴": "", "防錆": "", "項番": "", "送付No": "1296", "包装１": "", "包装２": "", "納入先": "ﾃｨｴﾗ", "総重量": "", "仕上重量": "", "保管場所": "MP9000", "受注番号": "", "受注項番": "", "塗装翻訳": "", "検査区分": "8", "注文数量": "1", "注文番号": "42709512", "納入場所": "ｼｶﾞﾆｳｹ", "製造指図": "5C0009870975", "部品番号24": "YD40005862_0010-0010", "データ区分": "Y55", "データ種別": "HH495", "ポスト区分": "4", "ライン区分": "TA", "企業コード": "XXXXX", "備付マーク": "X", "原因コード": "", "組織コード": "TA0", "カンバンＮｏ": "", "レコード区分": "1", "不良責任部署": "", "事業所コード": "XXX", "検査区分翻訳": "ﾏﾙﾕｳ", "発注処理区分": "", "発注理由区分": "", "発注種類区分": "T", "社内郵便番号": "", "納品書用品名": "ブレード", "経費依頼者名": "", "保安Ａ部品区分": "0", "サプライヤコード": "E820T2", "サプライヤ正式名": "ダイソウ工業株式会社", "プロジェクトＮｏ": "TAAEQ251030004", "納品書用品名ｶﾅ": "BLADE", "調達品分野コード": "T3", "C表No/不良通知Ｎｏ": "TA-2512-1076", "次工程送先/支給先": "", "サプライヤ工場区分": "", "日立品目対応データ": "", "管理区分/貸方事業所": "00100010", "バーコードNo（納品書部）": "T0427095120U", "管理番号/包装ロット１・２": "", "バーコードNo（物流カード部）": "FF427095120U"}",ERROR,"Missing required fields","2025-12-04 00:38:56","2025-12-04 00:38:56"
488,0001,FIRM,CSV,20251204取込済_E820T1-Y55-251204074545.csv,13,,NULL,NULL,,0.000,"{"M歴": "007", "単位": "7", "図歴": "000", "図番": "YD40005864", "棚番": "", "納期": "20251215", "表歴": "", "防錆": "", "項番": "", "送付No": "1296", "包装１": "", "包装２": "", "納入先": "ﾃｨｴﾗ", "総重量": "", "仕上重量": "", "保管場所": "MP9000", "受注番号": "", "受注項番": "", "塗装翻訳": "", "検査区分": "8", "注文数量": "1", "注文番号": "42709513", "納入場所": "ｼｶﾞﾆｳｹ", "製造指図": "5C0009870981", "部品番号24": "YD40005864_0010-0010", "データ区分": "Y55", "データ種別": "HH495", "ポスト区分": "4", "ライン区分": "TA", "企業コード": "XXXXX", "備付マーク": "X", "原因コード": "", "組織コード": "TA0", "カンバンＮｏ": "", "レコード区分": "1", "不良責任部署": "", "事業所コード": "XXX", "検査区分翻訳": "ﾏﾙﾕｳ", "発注処理区分": "", "発注理由区分": "", "発注種類区分": "T", "社内郵便番号": "", "納品書用品名": "ブレード", "経費依頼者名": "", "保安Ａ部品区分": "0", "サプライヤコード": "E820T2", "サプライヤ正式名": "ダイソウ工業株式会社", "プロジェクトＮｏ": "TAAEB251030001", "納品書用品名ｶﾅ": "BLADE", "調達品分野コード": "T3", "C表No/不良通知Ｎｏ": "TA-2512-1094", "次工程送先/支給先": "", "サプライヤ工場区分": "", "日立品目対応データ": "", "管理区分/貸方事業所": "00100010", "バーコードNo（納品書部）": "T0427095130V", "管理番号/包装ロット１・２": "", "バーコードNo（物流カード部）": "FF427095130V"}",ERROR,"Missing required fields","2025-12-04 00:38:56","2025-12-04 00:38:56"
489,0001,FIRM,CSV,20251204取込済_E820T1-Y55-251204074545.csv,14,,NULL,NULL,,0.000,"{"M歴": "007", "単位": "7", "図歴": "000", "図番": "YD40005864", "棚番": "", "納期": "20251215", "表歴": "", "防錆": "", "項番": "", "送付No": "1296", "包装１": "", "包装２": "", "納入先": "ﾃｨｴﾗ", "総重量": "", "仕上重量": "", "保管場所": "MP9000", "受注番号": "", "受注項番": "", "塗装翻訳": "", "検査区分": "8", "注文数量": "1", "注文番号": "42709514", "納入場所": "ｼｶﾞﾆｳｹ", "製造指図": "5C0009870982", "部品番号24": "YD40005864_0010-0010", "データ区分": "Y55", "データ種別": "HH495", "ポスト区分": "4", "ライン区分": "TA", "企業コード": "XXXXX", "備付マーク": "X", "原因コード": "", "組織コード": "TA0", "カンバンＮｏ": "", "レコード区分": "1", "不良責任部署": "", "事業所コード": "XXX", "検査区分翻訳": "ﾏﾙﾕｳ", "発注処理区分": "", "発注理由区分": "", "発注種類区分": "T", "社内郵便番号": "", "納品書用品名": "ブレード", "経費依頼者名": "", "保安Ａ部品区分": "0", "サプライヤコード": "E820T2", "サプライヤ正式名": "ダイソウ工業株式会社", "プロジェクトＮｏ": "TAAEB251030002", "納品書用品名ｶﾅ": "BLADE", "調達品分野コード": "T3", "C表No/不良通知Ｎｏ": "TA-2512-1021", "次工程送先/支給先": "", "サプライヤ工場区分": "", "日立品目対応データ": "", "管理区分/貸方事業所": "00100010", "バーコードNo（納品書部）": "T0427095140W", "管理番号/包装ロット１・２": "", "バーコードNo（物流カード部）": "FF427095140W"}",ERROR,"Missing required fields","2025-12-04 00:38:56","2025-12-04 00:38:56"
490,0001,FIRM,CSV,20251204取込済_E820T1-Y55-251204074545.csv,15,,NULL,NULL,,0.000,"{"M歴": "007", "単位": "7", "図歴": "000", "図番": "YD40005864", "棚番": "", "納期": "20251215", "表歴": "", "防錆": "", "項番": "", "送付No": "1296", "包装１": "", "包装２": "", "納入先": "ﾃｨｴﾗ", "総重量": "", "仕上重量": "", "保管場所": "MP9000", "受注番号": "", "受注項番": "", "塗装翻訳": "", "検査区分": "8", "注文数量": "1", "注文番号": "42709515", "納入場所": "ｼｶﾞﾆｳｹ", "製造指図": "5C0009870983", "部品番号24": "YD40005864_0010-0010", "データ区分": "Y55", "データ種別": "HH495", "ポスト区分": "4", "ライン区分": "TA", "企業コード": "XXXXX", "備付マーク": "X", "原因コード": "", "組織コード": "TA0", "カンバンＮｏ": "", "レコード区分": "1", "不良責任部署": "", "事業所コード": "XXX", "検査区分翻訳": "ﾏﾙﾕｳ", "発注処理区分": "", "発注理由区分": "", "発注種類区分": "T", "社内郵便番号": "", "納品書用品名": "ブレード", "経費依頼者名": "", "保安Ａ部品区分": "0", "サプライヤコード": "E820T2", "サプライヤ正式名": "ダイソウ工業株式会社", "プロジェクトＮｏ": "TAAEB251030003", "納品書用品名ｶﾅ": "BLADE", "調達品分野コード": "T3", "C表No/不良通知Ｎｏ": "TA-2512-1041", "次工程送先/支給先": "", "サプライヤ工場区分": "", "日立品目対応データ": "", "管理区分/貸方事業所": "00100010", "バーコードNo（納品書部）": "T0427095150X", "管理番号/包装ロット１・２": "", "バーコードNo（物流カード部）": "FF427095150X"}",ERROR,"Missing required fields","2025-12-04 00:38:56","2025-12-04 00:38:56"
491,0001,FIRM,CSV,20251204取込済_E820T1-Y55-251204074545.csv,16,,NULL,NULL,,0.000,"{"M歴": "007", "単位": "7", "図歴": "000", "図番": "YD40005864", "棚番": "", "納期": "20251215", "表歴": "", "防錆": "", "項番": "", "送付No": "1296", "包装１": "", "包装２": "", "納入先": "ﾃｨｴﾗ", "総重量": "", "仕上重量": "", "保管場所": "MP9000", "受注番号": "", "受注項番": "", "塗装翻訳": "", "検査区分": "8", "注文数量": "1", "注文番号": "42709516", "納入場所": "ｼｶﾞﾆｳｹ", "製造指図": "5C0009870976", "部品番号24": "YD40005864_0010-0010", "データ区分": "Y55", "データ種別": "HH495", "ポスト区分": "4", "ライン区分": "TA", "企業コード": "XXXXX", "備付マーク": "X", "原因コード": "", "組織コード": "TA0", "カンバンＮｏ": "", "レコード区分": "1", "不良責任部署": "", "事業所コード": "XXX", "検査区分翻訳": "ﾏﾙﾕｳ", "発注処理区分": "", "発注理由区分": "", "発注種類区分": "T", "社内郵便番号": "", "納品書用品名": "ブレード", "経費依頼者名": "", "保安Ａ部品区分": "0", "サプライヤコード": "E820T2", "サプライヤ正式名": "ダイソウ工業株式会社", "プロジェクトＮｏ": "TAAEE251030001", "納品書用品名ｶﾅ": "BLADE", "調達品分野コード": "T3", "C表No/不良通知Ｎｏ": "TA-2512-1080", "次工程送先/支給先": "", "サプライヤ工場区分": "", "日立品目対応データ": "", "管理区分/貸方事業所": "00100010", "バーコードNo（納品書部）": "T0427095160Y", "管理番号/包装ロット１・２": "", "バーコードNo（物流カード部）": "FF427095160Y"}",ERROR,"Missing required fields","2025-12-04 00:38:56","2025-12-04 00:38:56"
492,0001,FIRM,CSV,20251204取込済_E820T1-Y55-251204074545.csv,17,,NULL,NULL,,0.000,"{"M歴": "007", "単位": "7", "図歴": "000", "図番": "YD40005864", "棚番": "", "納期": "20251215", "表歴": "", "防錆": "", "項番": "", "送付No": "1296", "包装１": "", "包装２": "", "納入先": "ﾃｨｴﾗ", "総重量": "", "仕上重量": "", "保管場所": "MP9000", "受注番号": "", "受注項番": "", "塗装翻訳": "", "検査区分": "8", "注文数量": "1", "注文番号": "42709517", "納入場所": "ｼｶﾞﾆｳｹ", "製造指図": "5C0009870977", "部品番号24": "YD40005864_0010-0010", "データ区分": "Y55", "データ種別": "HH495", "ポスト区分": "4", "ライン区分": "TA", "企業コード": "XXXXX", "備付マーク": "X", "原因コード": "", "組織コード": "TA0", "カンバンＮｏ": "", "レコード区分": "1", "不良責任部署": "", "事業所コード": "XXX", "検査区分翻訳": "ﾏﾙﾕｳ", "発注処理区分": "", "発注理由区分": "", "発注種類区分": "T", "社内郵便番号": "", "納品書用品名": "ブレード", "経費依頼者名": "", "保安Ａ部品区分": "0", "サプライヤコード": "E820T2", "サプライヤ正式名": "ダイソウ工業株式会社", "プロジェクトＮｏ": "TAAEE251030002", "納品書用品名ｶﾅ": "BLADE", "調達品分野コード": "T3", "C表No/不良通知Ｎｏ": "TA-2512-1049", "次工程送先/支給先": "", "サプライヤ工場区分": "", "日立品目対応データ": "", "管理区分/貸方事業所": "00100010", "バーコードNo（納品書部）": "T0427095170Z", "管理番号/包装ロット１・２": "", "バーコードNo（物流カード部）": "FF427095170Z"}",ERROR,"Missing required fields","2025-12-04 00:38:56","2025-12-04 00:38:56"
493,0001,FIRM,CSV,20251204取込済_E820T1-Y55-251204074545.csv,18,,NULL,NULL,,0.000,"{"M歴": "007", "単位": "7", "図歴": "000", "図番": "YD40005864", "棚番": "", "納期": "20251215", "表歴": "", "防錆": "", "項番": "", "送付No": "1296", "包装１": "", "包装２": "", "納入先": "ﾃｨｴﾗ", "総重量": "", "仕上重量": "", "保管場所": "MP9000", "受注番号": "", "受注項番": "", "塗装翻訳": "", "検査区分": "8", "注文数量": "1", "注文番号": "42709518", "納入場所": "ｼｶﾞﾆｳｹ", "製造指図": "5C0009870978", "部品番号24": "YD40005864_0010-0010", "データ区分": "Y55", "データ種別": "HH495", "ポスト区分": "4", "ライン区分": "TA", "企業コード": "XXXXX", "備付マーク": "X", "原因コード": "", "組織コード": "TA0", "カンバンＮｏ": "", "レコード区分": "1", "不良責任部署": "", "事業所コード": "XXX", "検査区分翻訳": "ﾏﾙﾕｳ", "発注処理区分": "", "発注理由区分": "", "発注種類区分": "T", "社内郵便番号": "", "納品書用品名": "ブレード", "経費依頼者名": "", "保安Ａ部品区分": "0", "サプライヤコード": "E820T2", "サプライヤ正式名": "ダイソウ工業株式会社", "プロジェクトＮｏ": "TAAEE251030004", "納品書用品名ｶﾅ": "BLADE", "調達品分野コード": "T3", "C表No/不良通知Ｎｏ": "TA-2512-1039", "次工程送先/支給先": "", "サプライヤ工場区分": "", "日立品目対応データ": "", "管理区分/貸方事業所": "00100010", "バーコードNo（納品書部）": "T04270951800", "管理番号/包装ロット１・２": "", "バーコードNo（物流カード部）": "FF4270951800"}",ERROR,"Missing required fields","2025-12-04 00:38:56","2025-12-04 00:38:56"
494,0001,FIRM,CSV,20251204取込済_E820T1-Y55-251204074545.csv,19,,NULL,NULL,,0.000,"{"M歴": "007", "単位": "7", "図歴": "000", "図番": "YD40005864", "棚番": "", "納期": "20251215", "表歴": "", "防錆": "", "項番": "", "送付No": "1296", "包装１": "", "包装２": "", "納入先": "ﾃｨｴﾗ", "総重量": "", "仕上重量": "", "保管場所": "MP9000", "受注番号": "", "受注項番": "", "塗装翻訳": "", "検査区分": "8", "注文数量": "1", "注文番号": "42709519", "納入場所": "ｼｶﾞﾆｳｹ", "製造指図": "5C0009870979", "部品番号24": "YD40005864_0010-0010", "データ区分": "Y55", "データ種別": "HH495", "ポスト区分": "4", "ライン区分": "TA", "企業コード": "XXXXX", "備付マーク": "X", "原因コード": "", "組織コード": "TA0", "カンバンＮｏ": "", "レコード区分": "1", "不良責任部署": "", "事業所コード": "XXX", "検査区分翻訳": "ﾏﾙﾕｳ", "発注処理区分": "", "発注理由区分": "", "発注種類区分": "T", "社内郵便番号": "", "納品書用品名": "ブレード", "経費依頼者名": "", "保安Ａ部品区分": "0", "サプライヤコード": "E820T2", "サプライヤ正式名": "ダイソウ工業株式会社", "プロジェクトＮｏ": "TAAEE251030005", "納品書用品名ｶﾅ": "BLADE", "調達品分野コード": "T3", "C表No/不良通知Ｎｏ": "TA-2512-1060", "次工程送先/支給先": "", "サプライヤ工場区分": "", "日立品目対応データ": "", "管理区分/貸方事業所": "00100010", "バーコードNo（納品書部）": "T04270951901", "管理番号/包装ロット１・２": "", "バーコードNo（物流カード部）": "FF4270951901"}",ERROR,"Missing required fields","2025-12-04 00:38:56","2025-12-04 00:38:56"
495,0001,FIRM,CSV,20251204取込済_E820T1-Y55-251204074545.csv,20,,NULL,NULL,,0.000,"{"M歴": "007", "単位": "7", "図歴": "000", "図番": "YD40005864", "棚番": "", "納期": "20251215", "表歴": "", "防錆": "", "項番": "", "送付No": "1296", "包装１": "", "包装２": "", "納入先": "ﾃｨｴﾗ", "総重量": "", "仕上重量": "", "保管場所": "MP9000", "受注番号": "", "受注項番": "", "塗装翻訳": "", "検査区分": "8", "注文数量": "1", "注文番号": "42709520", "納入場所": "ｼｶﾞﾆｳｹ", "製造指図": "5C0009870980", "部品番号24": "YD40005864_0010-0010", "データ区分": "Y55", "データ種別": "HH495", "ポスト区分": "4", "ライン区分": "TA", "企業コード": "XXXXX", "備付マーク": "X", "原因コード": "", "組織コード": "TA0", "カンバンＮｏ": "", "レコード区分": "1", "不良責任部署": "", "事業所コード": "XXX", "検査区分翻訳": "ﾏﾙﾕｳ", "発注処理区分": "", "発注理由区分": "", "発注種類区分": "T", "社内郵便番号": "", "納品書用品名": "ブレード", "経費依頼者名": "", "保安Ａ部品区分": "0", "サプライヤコード": "E820T2", "サプライヤ正式名": "ダイソウ工業株式会社", "プロジェクトＮｏ": "TAAEE251030008", "納品書用品名ｶﾅ": "BLADE", "調達品分野コード": "T3", "C表No/不良通知Ｎｏ": "TA-2512-1009", "次工程送先/支給先": "", "サプライヤ工場区分": "", "日立品目対応データ": "", "管理区分/貸方事業所": "00100010", "バーコードNo（納品書部）": "T0427095200T", "管理番号/包装ロット１・２": "", "バーコードNo（物流カード部）": "FF427095200T"}",ERROR,"Missing required fields","2025-12-04 00:38:56","2025-12-04 00:38:56"
496,0001,FIRM,CSV,20251204取込済_E820T1-Y55-251204074545.csv,21,,NULL,NULL,,0.000,"{"M歴": "002", "単位": "7", "図歴": "007", "図番": "3119239", "棚番": "", "納期": "20251217", "表歴": "", "防錆": "", "項番": "", "送付No": "1296", "包装１": "", "包装２": "", "納入先": "ﾃｨｴﾗ", "総重量": "60", "仕上重量": "3", "保管場所": "207237", "受注番号": "", "受注項番": "", "塗装翻訳": "", "検査区分": "8", "注文数量": "20", "注文番号": "42J77529", "納入場所": "SCMｿｳｺﾆｳｹ", "製造指図": "", "部品番号24": "3119239", "データ区分": "Y55", "データ種別": "HH495", "ポスト区分": "4", "ライン区分": "", "企業コード": "XXXXX", "備付マーク": "X", "原因コード": "", "組織コード": "TA0", "カンバンＮｏ": "", "レコード区分": "1", "不良責任部署": "", "事業所コード": "XXX", "検査区分翻訳": "ﾏﾙﾕｳ", "発注処理区分": "", "発注理由区分": "", "発注種類区分": "", "社内郵便番号": "", "納品書用品名": "プレート", "経費依頼者名": "", "保安Ａ部品区分": "0", "サプライヤコード": "E820T2", "サプライヤ正式名": "ダイソウ工業株式会社", "プロジェクトＮｏ": "TA0", "納品書用品名ｶﾅ": "PLATE", "調達品分野コード": "T3", "C表No/不良通知Ｎｏ": "", "次工程送先/支給先": "", "サプライヤ工場区分": "", "日立品目対応データ": "", "管理区分/貸方事業所": "", "バーコードNo（納品書部）": "T042J775290J", "管理番号/包装ロット１・２": "", "バーコードNo（物流カード部）": "FF42J775290J"}",ERROR,"Missing required fields","2025-12-04 00:38:56","2025-12-04 00:38:56"
497,0001,FIRM,CSV,20251204取込済_E820T1-Y55-251204074545.csv,22,,NULL,NULL,,0.000,"{"M歴": "000", "単位": "7", "図歴": "003", "図番": "3120813", "棚番": "", "納期": "20251217", "表歴": "", "防錆": "", "項番": "", "送付No": "1296", "包装１": "", "包装２": "", "納入先": "ﾃｨｴﾗ", "総重量": "69.93", "仕上重量": "2.59", "保管場所": "207332", "受注番号": "", "受注項番": "", "塗装翻訳": "", "検査区分": "8", "注文数量": "27", "注文番号": "42J77699", "納入場所": "SCMｿｳｺﾆｳｹ", "製造指図": "", "部品番号24": "3120813", "データ区分": "Y55", "データ種別": "HH495", "ポスト区分": "4", "ライン区分": "", "企業コード": "XXXXX", "備付マーク": "X", "原因コード": "", "組織コード": "TA0", "カンバンＮｏ": "", "レコード区分": "1", "不良責任部署": "", "事業所コード": "XXX", "検査区分翻訳": "ﾏﾙﾕｳ", "発注処理区分": "", "発注理由区分": "", "発注種類区分": "", "社内郵便番号": "", "納品書用品名": "プレート", "経費依頼者名": "", "保安Ａ部品区分": "0", "サプライヤコード": "E820T2", "サプライヤ正式名": "ダイソウ工業株式会社", "プロジェクトＮｏ": "TA0", "納品書用品名ｶﾅ": "PLATE", "調達品分野コード": "T3", "C表No/不良通知Ｎｏ": "", "次工程送先/支給先": "", "サプライヤ工場区分": "", "日立品目対応データ": "", "管理区分/貸方事業所": "", "バーコードNo（納品書部）": "T042J776990R", "管理番号/包装ロット１・２": "", "バーコードNo（物流カード部）": "FF42J776990R"}",ERROR,"Missing required fields","2025-12-04 00:38:56","2025-12-04 00:38:56"
498,0001,FIRM,CSV,20251204取込済_E820T1-Y55-251204074545.csv,23,,NULL,NULL,,0.000,"{"M歴": "000", "単位": "7", "図歴": "001", "図番": "3114047", "棚番": "", "納期": "20251217", "表歴": "", "防錆": "", "項番": "", "送付No": "1296", "包装１": "", "包装２": "", "納入先": "ﾃｨｴﾗ", "総重量": "2.97", "仕上重量": "0.03", "保管場所": "103367", "受注番号": "", "受注項番": "", "塗装翻訳": "", "検査区分": "8", "注文数量": "99", "注文番号": "42J77794", "納入場所": "SCMｿｳｺﾆｳｹ", "製造指図": "", "部品番号24": "3114047", "データ区分": "Y55", "データ種別": "HH495", "ポスト区分": "4", "ライン区分": "", "企業コード": "XXXXX", "備付マーク": "X", "原因コード": "", "組織コード": "TA0", "カンバンＮｏ": "", "レコード区分": "1", "不良責任部署": "", "事業所コード": "XXX", "検査区分翻訳": "ﾏﾙﾕｳ", "発注処理区分": "", "発注理由区分": "", "発注種類区分": "", "社内郵便番号": "", "納品書用品名": "ブラケット", "経費依頼者名": "", "保安Ａ部品区分": "0", "サプライヤコード": "E820T2", "サプライヤ正式名": "ダイソウ工業株式会社", "プロジェクトＮｏ": "TA0", "納品書用品名ｶﾅ": "BRACKET", "調達品分野コード": "T3", "C表No/不良通知Ｎｏ": "", "次工程送先/支給先": "", "サプライヤ工場区分": "", "日立品目対応データ": "", "管理区分/貸方事業所": "", "バーコードNo（納品書部）": "T042J777940N", "管理番号/包装ロット１・２": "", "バーコードNo（物流カード部）": "FF42J777940N"}",ERROR,"Missing required fields","2025-12-04 00:38:56","2025-12-04 00:38:56"
499,0001,FIRM,CSV,20251204取込済_E820T1-Y55-251204074545.csv,24,,NULL,NULL,,0.000,"{"M歴": "000", "単位": "7", "図歴": "001", "図番": "3114047", "棚番": "", "納期": "20251217", "表歴": "", "防錆": "", "項番": "", "送付No": "1296", "包装１": "", "包装２": "", "納入先": "ﾃｨｴﾗ", "総重量": "0.33", "仕上重量": "0.03", "保管場所": "306152", "受注番号": "", "受注項番": "", "塗装翻訳": "", "検査区分": "8", "注文数量": "11", "注文番号": "42J77797", "納入場所": "SCMｿｳｺﾆｳｹ", "製造指図": "", "部品番号24": "3114047", "データ区分": "Y55", "データ種別": "HH495", "ポスト区分": "4", "ライン区分": "", "企業コード": "XXXXX", "備付マーク": "X", "原因コード": "", "組織コード": "TA0", "カンバンＮｏ": "", "レコード区分": "1", "不良責任部署": "", "事業所コード": "XXX", "検査区分翻訳": "ﾏﾙﾕｳ", "発注処理区分": "", "発注理由区分": "", "発注種類区分": "", "社内郵便番号": "", "納品書用品名": "ブラケット", "経費依頼者名": "", "保安Ａ部品区分": "0", "サプライヤコード": "E820T2", "サプライヤ正式名": "ダイソウ工業株式会社", "プロジェクトＮｏ": "TA0", "納品書用品名ｶﾅ": "BRACKET", "調達品分野コード": "T3", "C表No/不良通知Ｎｏ": "", "次工程送先/支給先": "", "サプライヤ工場区分": "", "日立品目対応データ": "", "管理区分/貸方事業所": "", "バーコードNo（納品書部）": "T042J777970Q", "管理番号/包装ロット１・２": "", "バーコードNo（物流カード部）": "FF42J777970Q"}",ERROR,"Missing required fields","2025-12-04 00:38:56","2025-12-04 00:38:56"
500,0001,FIRM,CSV,20251204取込済_E820T1-Y55-251204074545.csv,25,,NULL,NULL,,0.000,"{"M歴": "000", "単位": "7", "図歴": "001", "図番": "3114047", "棚番": "", "納期": "20251217", "表歴": "", "防錆": "", "項番": "", "送付No": "1296", "包装１": "", "包装２": "", "納入先": "ﾃｨｴﾗ", "総重量": "0.27", "仕上重量": "0.03", "保管場所": "201312", "受注番号": "", "受注項番": "", "塗装翻訳": "", "検査区分": "8", "注文数量": "9", "注文番号": "42J77800", "納入場所": "SCMｿｳｺﾆｳｹ", "製造指図": "", "部品番号24": "3114047", "データ区分": "Y55", "データ種別": "HH495", "ポスト区分": "4", "ライン区分": "", "企業コード": "XXXXX", "備付マーク": "X", "原因コード": "", "組織コード": "TA0", "カンバンＮｏ": "", "レコード区分": "1", "不良責任部署": "", "事業所コード": "XXX", "検査区分翻訳": "ﾏﾙﾕｳ", "発注処理区分": "", "発注理由区分": "", "発注種類区分": "", "社内郵便番号": "", "納品書用品名": "ブラケット", "経費依頼者名": "", "保安Ａ部品区分": "0", "サプライヤコード": "E820T2", "サプライヤ正式名": "ダイソウ工業株式会社", "プロジェクトＮｏ": "TA0", "納品書用品名ｶﾅ": "BRACKET", "調達品分野コード": "T3", "C表No/不良通知Ｎｏ": "", "次工程送先/支給先": "", "サプライヤ工場区分": "", "日立品目対応データ": "", "管理区分/貸方事業所": "", "バーコードNo（納品書部）": "T042J778000B", "管理番号/包装ロット１・２": "", "バーコードNo（物流カード部）": "FF42J778000B"}",ERROR,"Missing required fields","2025-12-04 00:38:56","2025-12-04 00:38:56"
501,0001,FIRM,CSV,20251204取込済_E820T1-Y55-251204074545.csv,26,,NULL,NULL,,0.000,"{"M歴": "000", "単位": "7", "図歴": "006", "図番": "4276374", "棚番": "", "納期": "20251217", "表歴": "", "防錆": "", "項番": "", "送付No": "1296", "包装１": "", "包装２": "", "納入先": "ﾃｨｴﾗ", "総重量": "13.3", "仕上重量": "0.19", "保管場所": "107423", "受注番号": "", "受注項番": "", "塗装翻訳": "", "検査区分": "8", "注文数量": "70", "注文番号": "42J78474", "納入場所": "SCMｿｳｺﾆｳｹ", "製造指図": "", "部品番号24": "4276374", "データ区分": "Y55", "データ種別": "HH495", "ポスト区分": "4", "ライン区分": "", "企業コード": "XXXXX", "備付マーク": "X", "原因コード": "", "組織コード": "TA0", "カンバンＮｏ": "", "レコード区分": "1", "不良責任部署": "", "事業所コード": "XXX", "検査区分翻訳": "ﾏﾙﾕｳ", "発注処理区分": "", "発注理由区分": "", "発注種類区分": "", "社内郵便番号": "", "納品書用品名": "ストッパ", "経費依頼者名": "", "保安Ａ部品区分": "0", "サプライヤコード": "E820T2", "サプライヤ正式名": "ダイソウ工業株式会社", "プロジェクトＮｏ": "TA0", "納品書用品名ｶﾅ": "STOPPER", "調達品分野コード": "T3", "C表No/不良通知Ｎｏ": "", "次工程送先/支給先": "", "サプライヤ工場区分": "", "日立品目対応データ": "", "管理区分/貸方事業所": "", "バーコードNo（納品書部）": "T042J784740J", "管理番号/包装ロット１・２": "", "バーコードNo（物流カード部）": "FF42J784740J"}",ERROR,"Missing required fields","2025-12-04 00:38:56","2025-12-04 00:38:56"
502,0001,FIRM,CSV,20251204取込済_E820T1-Y55-251204074545.csv,27,,NULL,NULL,,0.000,"{"M歴": "000", "単位": "7", "図歴": "002", "図番": "4668875", "棚番": "", "納期": "20251217", "表歴": "", "防錆": "", "項番": "", "送付No": "1296", "包装１": "", "包装２": "", "納入先": "ﾃｨｴﾗ", "総重量": "91.2", "仕上重量": "0.38", "保管場所": "305454", "受注番号": "", "受注項番": "", "塗装翻訳": "", "検査区分": "8", "注文数量": "240", "注文番号": "42J79706", "納入場所": "SCMｿｳｺﾆｳｹ", "製造指図": "", "部品番号24": "4668875", "データ区分": "Y55", "データ種別": "HH495", "ポスト区分": "4", "ライン区分": "", "企業コード": "XXXXX", "備付マーク": "X", "原因コード": "", "組織コード": "TA0", "カンバンＮｏ": "", "レコード区分": "1", "不良責任部署": "", "事業所コード": "XXX", "検査区分翻訳": "ﾏﾙﾕｳ", "発注処理区分": "", "発注理由区分": "", "発注種類区分": "", "社内郵便番号": "", "納品書用品名": "ストッパ", "経費依頼者名": "", "保安Ａ部品区分": "0", "サプライヤコード": "E820T2", "サプライヤ正式名": "ダイソウ工業株式会社", "プロジェクトＮｏ": "TA0", "納品書用品名ｶﾅ": "STOPPER", "調達品分野コード": "T3", "C表No/不良通知Ｎｏ": "", "次工程送先/支給先": "", "サプライヤ工場区分": "", "日立品目対応データ": "", "管理区分/貸方事業所": "", "バーコードNo（納品書部）": "T042J797060I", "管理番号/包装ロット１・２": "", "バーコードNo（物流カード部）": "FF42J797060I"}",ERROR,"Missing required fields","2025-12-04 00:38:56","2025-12-04 00:38:56"
503,0001,FIRM,CSV,20251204取込済_E820T1-Y55-251204074545.csv,28,,NULL,NULL,,0.000,"{"M歴": "000", "単位": "7", "図歴": "002", "図番": "4672993", "棚番": "", "納期": "20251217", "表歴": "", "防錆": "", "項番": "", "送付No": "1296", "包装１": "", "包装２": "", "納入先": "ﾃｨｴﾗ", "総重量": "0.52", "仕上重量": "0.26", "保管場所": "306451", "受注番号": "", "受注項番": "", "塗装翻訳": "", "検査区分": "8", "注文数量": "2", "注文番号": "42J79747", "納入場所": "SCMｿｳｺﾆｳｹ", "製造指図": "", "部品番号24": "4672993", "データ区分": "Y55", "データ種別": "HH495", "ポスト区分": "4", "ライン区分": "", "企業コード": "XXXXX", "備付マーク": "X", "原因コード": "", "組織コード": "TA0", "カンバンＮｏ": "", "レコード区分": "1", "不良責任部署": "", "事業所コード": "XXX", "検査区分翻訳": "ﾏﾙﾕｳ", "発注処理区分": "", "発注理由区分": "", "発注種類区分": "", "社内郵便番号": "", "納品書用品名": "ストッパ", "経費依頼者名": "", "保安Ａ部品区分": "3", "サプライヤコード": "E820T2", "サプライヤ正式名": "ダイソウ工業株式会社", "プロジェクトＮｏ": "TA0", "納品書用品名ｶﾅ": "STOPPER", "調達品分野コード": "T3", "C表No/不良通知Ｎｏ": "", "次工程送先/支給先": "", "サプライヤ工場区分": "", "日立品目対応データ": "", "管理区分/貸方事業所": "", "バーコードNo（納品書部）": "T042J797470N", "管理番号/包装ロット１・２": "", "バーコードNo（物流カード部）": "FF42J797470N"}",ERROR,"Missing required fields","2025-12-04 00:38:56","2025-12-04 00:38:56"
504,0001,FIRM,CSV,20251204取込済_E820T1-Y55-251204074545.csv,29,,NULL,NULL,,0.000,"{"M歴": "000", "単位": "7", "図歴": "002", "図番": "4672993", "棚番": "", "納期": "20251217", "表歴": "", "防錆": "", "項番": "", "送付No": "1296", "包装１": "", "包装２": "", "納入先": "ﾃｨｴﾗ", "総重量": "0.52", "仕上重量": "0.26", "保管場所": "205242", "受注番号": "", "受注項番": "", "塗装翻訳": "", "検査区分": "8", "注文数量": "2", "注文番号": "42J79753", "納入場所": "SCMｿｳｺﾆｳｹ", "製造指図": "", "部品番号24": "4672993", "データ区分": "Y55", "データ種別": "HH495", "ポスト区分": "4", "ライン区分": "", "企業コード": "XXXXX", "備付マーク": "X", "原因コード": "", "組織コード": "TA0", "カンバンＮｏ": "", "レコード区分": "1", "不良責任部署": "", "事業所コード": "XXX", "検査区分翻訳": "ﾏﾙﾕｳ", "発注処理区分": "", "発注理由区分": "", "発注種類区分": "", "社内郵便番号": "", "納品書用品名": "ストッパ", "経費依頼者名": "", "保安Ａ部品区分": "3", "サプライヤコード": "E820T2", "サプライヤ正式名": "ダイソウ工業株式会社", "プロジェクトＮｏ": "TA0", "納品書用品名ｶﾅ": "STOPPER", "調達品分野コード": "T3", "C表No/不良通知Ｎｏ": "", "次工程送先/支給先": "", "サプライヤ工場区分": "", "日立品目対応データ": "", "管理区分/貸方事業所": "", "バーコードNo（納品書部）": "T042J797530K", "管理番号/包装ロット１・２": "", "バーコードNo（物流カード部）": "FF42J797530K"}",ERROR,"Missing required fields","2025-12-04 00:38:56","2025-12-04 00:38:56"
505,0001,FIRM,CSV,20251204取込済_E820T1-Y55-251204074545.csv,30,,NULL,NULL,,0.000,"{"M歴": "000", "単位": "7", "図歴": "001", "図番": "4643370", "棚番": "", "納期": "20251217", "表歴": "", "防錆": "", "項番": "", "送付No": "1296", "包装１": "", "包装２": "", "納入先": "ﾃｨｴﾗ", "総重量": "1.68", "仕上重量": "0.21", "保管場所": "103457", "受注番号": "", "受注項番": "", "塗装翻訳": "", "検査区分": "8", "注文数量": "8", "注文番号": "42J81095", "納入場所": "SCMｿｳｺﾆｳｹ", "製造指図": "", "部品番号24": "4643370", "データ区分": "Y55", "データ種別": "HH495", "ポスト区分": "4", "ライン区分": "", "企業コード": "XXXXX", "備付マーク": "X", "原因コード": "", "組織コード": "TA0", "カンバンＮｏ": "", "レコード区分": "1", "不良責任部署": "", "事業所コード": "XXX", "検査区分翻訳": "ﾏﾙﾕｳ", "発注処理区分": "", "発注理由区分": "", "発注種類区分": "", "社内郵便番号": "", "納品書用品名": "ストッパ", "経費依頼者名": "", "保安Ａ部品区分": "0", "サプライヤコード": "E820T2", "サプライヤ正式名": "ダイソウ工業株式会社", "プロジェクトＮｏ": "TA0", "納品書用品名ｶﾅ": "STOPPER", "調達品分野コード": "T3", "C表No/不良通知Ｎｏ": "", "次工程送先/支給先": "", "サプライヤ工場区分": "", "日立品目対応データ": "", "管理区分/貸方事業所": "", "バーコードNo（納品書部）": "T042J810950C", "管理番号/包装ロット１・２": "", "バーコードNo（物流カード部）": "FF42J810950C"}",ERROR,"Missing required fields","2025-12-04 00:38:56","2025-12-04 00:38:56"
506,0001,FIRM,CSV,20251204取込済_E820T1-Y55-251204074545.csv,31,,NULL,NULL,,0.000,"{"M歴": "000", "単位": "7", "図歴": "005", "図番": "8102883", "棚番": "", "納期": "20251218", "表歴": "", "防錆": "", "項番": "", "送付No": "1296", "包装１": "", "包装２": "", "納入先": "ﾃｨｴﾗ", "総重量": "", "仕上重量": "", "保管場所": "MP9000", "受注番号": "", "受注項番": "", "塗装翻訳": "", "検査区分": "8", "注文数量": "1", "注文番号": "42J81097", "納入場所": "ｼｶﾞﾆｳｹ", "製造指図": "5C0009870413", "部品番号24": "8102883_0010-0010", "データ区分": "Y55", "データ種別": "HH495", "ポスト区分": "4", "ライン区分": "", "企業コード": "XXXXX", "備付マーク": "X", "原因コード": "", "組織コード": "TA0", "カンバンＮｏ": "", "レコード区分": "1", "不良責任部署": "", "事業所コード": "XXX", "検査区分翻訳": "ﾏﾙﾕｳ", "発注処理区分": "", "発注理由区分": "", "発注種類区分": "", "社内郵便番号": "", "納品書用品名": "ブレード", "経費依頼者名": "", "保安Ａ部品区分": "0", "サプライヤコード": "E820T2", "サプライヤ正式名": "ダイソウ工業株式会社", "プロジェクトＮｏ": "TA0", "納品書用品名ｶﾅ": "BLADE", "調達品分野コード": "T3", "C表No/不良通知Ｎｏ": "", "次工程送先/支給先": "", "サプライヤ工場区分": "", "日立品目対応データ": "", "管理区分/貸方事業所": "00100010", "バーコードNo（納品書部）": "T042J810970E", "管理番号/包装ロット１・２": "", "バーコードNo（物流カード部）": "FF42J810970E"}",ERROR,"Missing required fields","2025-12-04 00:38:56","2025-12-04 00:38:56"
507,0001,FIRM,CSV,20251204取込済_E820T1-Y55-251204074545.csv,32,,NULL,NULL,,0.000,"{"M歴": "000", "単位": "7", "図歴": "002", "図番": "4667883", "棚番": "", "納期": "20251217", "表歴": "", "防錆": "", "項番": "", "送付No": "1296", "包装１": "", "包装２": "", "納入先": "ﾃｨｴﾗ", "総重量": "16.72", "仕上重量": "0.38", "保管場所": "107306", "受注番号": "", "受注項番": "", "塗装翻訳": "", "検査区分": "8", "注文数量": "44", "注文番号": "42J81194", "納入場所": "SCMｿｳｺﾆｳｹ", "製造指図": "", "部品番号24": "4667883", "データ区分": "Y55", "データ種別": "HH495", "ポスト区分": "4", "ライン区分": "", "企業コード": "XXXXX", "備付マーク": "X", "原因コード": "", "組織コード": "TA0", "カンバンＮｏ": "", "レコード区分": "1", "不良責任部署": "", "事業所コード": "XXX", "検査区分翻訳": "ﾏﾙﾕｳ", "発注処理区分": "", "発注理由区分": "", "発注種類区分": "", "社内郵便番号": "", "納品書用品名": "ストッパ", "経費依頼者名": "", "保安Ａ部品区分": "0", "サプライヤコード": "E820T2", "サプライヤ正式名": "ダイソウ工業株式会社", "プロジェクトＮｏ": "TA0", "納品書用品名ｶﾅ": "STOPPER", "調達品分野コード": "T3", "C表No/不良通知Ｎｏ": "", "次工程送先/支給先": "", "サプライヤ工場区分": "", "日立品目対応データ": "", "管理区分/貸方事業所": "", "バーコードNo（納品書部）": "T042J811940C", "管理番号/包装ロット１・２": "", "バーコードNo（物流カード部）": "FF42J811940C"}",ERROR,"Missing required fields","2025-12-04 00:38:56","2025-12-04 00:38:56"
508,0001,FIRM,CSV,20251204取込済_E820T1-Y55-251204074545.csv,33,,NULL,NULL,,0.000,"{"M歴": "000", "単位": "7", "図歴": "002", "図番": "8103212", "棚番": "", "納期": "20251217", "表歴": "", "防錆": "", "項番": "", "送付No": "1296", "包装１": "", "包装２": "", "納入先": "ﾃｨｴﾗ", "総重量": "0.12", "仕上重量": "0.12", "保管場所": "KA9593", "受注番号": "", "受注項番": "", "塗装翻訳": "", "検査区分": "8", "注文数量": "1", "注文番号": "42J81388", "納入場所": "KA9593ﾆｳｹ", "製造指図": "", "部品番号24": "8103212XXXA001", "データ区分": "Y55", "データ種別": "HH495", "ポスト区分": "4", "ライン区分": "", "企業コード": "XXXXX", "備付マーク": "X", "原因コード": "", "組織コード": "TA0", "カンバンＮｏ": "", "レコード区分": "1", "不良責任部署": "", "事業所コード": "XXX", "検査区分翻訳": "ﾏﾙﾕｳ", "発注処理区分": "", "発注理由区分": "", "発注種類区分": "", "社内郵便番号": "", "納品書用品名": "ストッパ", "経費依頼者名": "", "保安Ａ部品区分": "0", "サプライヤコード": "E820T2", "サプライヤ正式名": "ダイソウ工業株式会社", "プロジェクトＮｏ": "TA0", "納品書用品名ｶﾅ": "STOPPER", "調達品分野コード": "T3", "C表No/不良通知Ｎｏ": "", "次工程送先/支給先": "", "サプライヤ工場区分": "", "日立品目対応データ": "", "管理区分/貸方事業所": "", "バーコードNo（納品書部）": "T042J813880H", "管理番号/包装ロット１・２": "", "バーコードNo（物流カード部）": "FF42J813880H"}",ERROR,"Missing required fields","2025-12-04 00:38:56","2025-12-04 00:38:56"
509,0001,FIRM,CSV,20251204取込済_E820T1-Y55-251204074545.csv,34,,NULL,NULL,,0.000,"{"M歴": "000", "単位": "7", "図歴": "000", "図番": "4712753", "棚番": "", "納期": "20251217", "表歴": "", "防錆": "", "項番": "", "送付No": "1296", "包装１": "", "包装２": "", "納入先": "ﾃｨｴﾗ", "総重量": "5", "仕上重量": "0.01", "保管場所": "305334", "受注番号": "", "受注項番": "", "塗装翻訳": "", "検査区分": "8", "注文数量": "500", "注文番号": "42J81400", "納入場所": "SCMｿｳｺﾆｳｹ", "製造指図": "", "部品番号24": "4712753", "データ区分": "Y55", "データ種別": "HH495", "ポスト区分": "4", "ライン区分": "", "企業コード": "XXXXX", "備付マーク": "X", "原因コード": "", "組織コード": "TA0", "カンバンＮｏ": "", "レコード区分": "1", "不良責任部署": "", "事業所コード": "XXX", "検査区分翻訳": "ﾏﾙﾕｳ", "発注処理区分": "", "発注理由区分": "", "発注種類区分": "", "社内郵便番号": "", "納品書用品名": "カバー；ダスト", "経費依頼者名": "", "保安Ａ部品区分": "0", "サプライヤコード": "E820T2", "サプライヤ正式名": "ダイソウ工業株式会社", "プロジェクトＮｏ": "TA0", "納品書用品名ｶﾅ": "COVER;DUST", "調達品分野コード": "T3", "C表No/不良通知Ｎｏ": "", "次工程送先/支給先": "", "サプライヤ工場区分": "", "日立品目対応データ": "", "管理区分/貸方事業所": "", "バーコードNo（納品書部）": "T042J8140002", "管理番号/包装ロット１・２": "", "バーコードNo（物流カード部）": "FF42J8140002"}",ERROR,"Missing required fields","2025-12-04 00:38:56","2025-12-04 00:38:56"
510,0001,FIRM,CSV,20251204取込済_E820T1-Y55-251204074545.csv,35,,NULL,NULL,,0.000,"{"M歴": "000", "単位": "7", "図歴": "000", "図番": "4712754", "棚番": "", "納期": "20251217", "表歴": "", "防錆": "", "項番": "", "送付No": "1296", "包装１": "", "包装２": "", "納入先": "ﾃｨｴﾗ", "総重量": "5", "仕上重量": "0.01", "保管場所": "305434", "受注番号": "", "受注項番": "", "塗装翻訳": "", "検査区分": "8", "注文数量": "500", "注文番号": "42J81405", "納入場所": "SCMｿｳｺﾆｳｹ", "製造指図": "", "部品番号24": "4712754", "データ区分": "Y55", "データ種別": "HH495", "ポスト区分": "4", "ライン区分": "", "企業コード": "XXXXX", "備付マーク": "X", "原因コード": "", "組織コード": "TA0", "カンバンＮｏ": "", "レコード区分": "1", "不良責任部署": "", "事業所コード": "XXX", "検査区分翻訳": "ﾏﾙﾕｳ", "発注処理区分": "", "発注理由区分": "", "発注種類区分": "", "社内郵便番号": "", "納品書用品名": "カバー；ダスト", "経費依頼者名": "", "保安Ａ部品区分": "0", "サプライヤコード": "E820T2", "サプライヤ正式名": "ダイソウ工業株式会社", "プロジェクトＮｏ": "TA0", "納品書用品名ｶﾅ": "COVER;DUST", "調達品分野コード": "T3", "C表No/不良通知Ｎｏ": "", "次工程送先/支給先": "", "サプライヤ工場区分": "", "日立品目対応データ": "", "管理区分/貸方事業所": "", "バーコードNo（納品書部）": "T042J8140507", "管理番号/包装ロット１・２": "", "バーコードNo（物流カード部）": "FF42J8140507"}",ERROR,"Missing required fields","2025-12-04 00:38:56","2025-12-04 00:38:56"
511,0001,FIRM,CSV,20251204取込済_E820T1-Y55-251204074545.csv,36,,NULL,NULL,,0.000,"{"M歴": "000", "単位": "7", "図歴": "005", "図番": "7039100", "棚番": "", "納期": "20251217", "表歴": "", "防錆": "", "項番": "", "送付No": "1296", "包装１": "", "包装２": "", "納入先": "ﾃｨｴﾗ", "総重量": "0.53", "仕上重量": "0.53", "保管場所": "KA9593", "受注番号": "", "受注項番": "", "塗装翻訳": "", "検査区分": "8", "注文数量": "1", "注文番号": "42J81431", "納入場所": "KA9593ﾆｳｹ", "製造指図": "", "部品番号24": "7039100XXXA002", "データ区分": "Y55", "データ種別": "HH495", "ポスト区分": "4", "ライン区分": "", "企業コード": "XXXXX", "備付マーク": "X", "原因コード": "", "組織コード": "TA0", "カンバンＮｏ": "", "レコード区分": "1", "不良責任部署": "", "事業所コード": "XXX", "検査区分翻訳": "ﾏﾙﾕｳ", "発注処理区分": "", "発注理由区分": "", "発注種類区分": "", "社内郵便番号": "", "納品書用品名": "グリル", "経費依頼者名": "", "保安Ａ部品区分": "0", "サプライヤコード": "E820T2", "サプライヤ正式名": "ダイソウ工業株式会社", "プロジェクトＮｏ": "TA0", "納品書用品名ｶﾅ": "GRILLE", "調達品分野コード": "T3", "C表No/不良通知Ｎｏ": "", "次工程送先/支給先": "", "サプライヤ工場区分": "", "日立品目対応データ": "", "管理区分/貸方事業所": "", "バーコードNo（納品書部）": "T042J8143106", "管理番号/包装ロット１・２": "", "バーコードNo（物流カード部）": "FF42J8143106"}",ERROR,"Missing required fields","2025-12-04 00:38:56","2025-12-04 00:38:56"
512,0001,FIRM,CSV,20251204取込済_E820T1-Y55-251204074545.csv,37,,NULL,NULL,,0.000,"{"M歴": "000", "単位": "7", "図歴": "005", "図番": "8084658", "棚番": "", "納期": "20251217", "表歴": "", "防錆": "", "項番": "", "送付No": "1296", "包装１": "", "包装２": "", "納入先": "ﾃｨｴﾗ", "総重量": "0.13", "仕上重量": "0.13", "保管場所": "KA9593", "受注番号": "", "受注項番": "", "塗装翻訳": "", "検査区分": "8", "注文数量": "1", "注文番号": "42J81456", "納入場所": "KA9593ﾆｳｹ", "製造指図": "", "部品番号24": "8084658XXXA001", "データ区分": "Y55", "データ種別": "HH495", "ポスト区分": "4", "ライン区分": "", "企業コード": "XXXXX", "備付マーク": "X", "原因コード": "", "組織コード": "TA0", "カンバンＮｏ": "", "レコード区分": "1", "不良責任部署": "", "事業所コード": "XXX", "検査区分翻訳": "ﾏﾙﾕｳ", "発注処理区分": "", "発注理由区分": "", "発注種類区分": "", "社内郵便番号": "", "納品書用品名": "ストッパ", "経費依頼者名": "", "保安Ａ部品区分": "0", "サプライヤコード": "E820T2", "サプライヤ正式名": "ダイソウ工業株式会社", "プロジェクトＮｏ": "TA0", "納品書用品名ｶﾅ": "STOPPER", "調達品分野コード": "T3", "C表No/不良通知Ｎｏ": "", "次工程送先/支給先": "", "サプライヤ工場区分": "", "日立品目対応データ": "", "管理区分/貸方事業所": "", "バーコードNo（納品書部）": "T042J814560D", "管理番号/包装ロット１・２": "", "バーコードNo（物流カード部）": "FF42J814560D"}",ERROR,"Missing required fields","2025-12-04 00:38:56","2025-12-04 00:38:56"
513,0001,FIRM,CSV,20251204取込済_E820T1-Y55-251204074545.csv,38,,NULL,NULL,,0.000,"{"M歴": "001", "単位": "7", "図歴": "007", "図番": "8102890", "棚番": "", "納期": "20251218", "表歴": "", "防錆": "", "項番": "", "送付No": "1296", "包装１": "", "包装２": "", "納入先": "ﾃｨｴﾗ", "総重量": "", "仕上重量": "", "保管場所": "MP9000", "受注番号": "", "受注項番": "", "塗装翻訳": "", "検査区分": "8", "注文数量": "1", "注文番号": "42J81506", "納入場所": "ｼｶﾞﾆｳｹ", "製造指図": "5C0009870415", "部品番号24": "8102890_0010-0010", "データ区分": "Y55", "データ種別": "HH495", "ポスト区分": "4", "ライン区分": "", "企業コード": "XXXXX", "備付マーク": "X", "原因コード": "", "組織コード": "TA0", "カンバンＮｏ": "", "レコード区分": "1", "不良責任部署": "", "事業所コード": "XXX", "検査区分翻訳": "ﾏﾙﾕｳ", "発注処理区分": "", "発注理由区分": "", "発注種類区分": "", "社内郵便番号": "", "納品書用品名": "ブレード", "経費依頼者名": "", "保安Ａ部品区分": "0", "サプライヤコード": "E820T2", "サプライヤ正式名": "ダイソウ工業株式会社", "プロジェクトＮｏ": "TA0", "納品書用品名ｶﾅ": "BLADE", "調達品分野コード": "T3", "C表No/不良通知Ｎｏ": "", "次工程送先/支給先": "", "サプライヤ工場区分": "", "日立品目対応データ": "", "管理区分/貸方事業所": "00100010", "バーコードNo（納品書部）": "T042J8150609", "管理番号/包装ロット１・２": "", "バーコードNo（物流カード部）": "FF42J8150609"}",ERROR,"Missing required fields","2025-12-04 00:38:56","2025-12-04 00:38:56"
514,0001,FIRM,CSV,20251204取込済_E820T1-Y55-251204074545.csv,39,,NULL,NULL,,0.000,"{"M歴": "000", "単位": "7", "図歴": "000", "図番": "4687871", "棚番": "", "納期": "20251217", "表歴": "", "防錆": "", "項番": "", "送付No": "1296", "包装１": "", "包装２": "", "納入先": "ﾃｨｴﾗ", "総重量": "4.24", "仕上重量": "0.01", "保管場所": "103347", "受注番号": "", "受注項番": "", "塗装翻訳": "", "検査区分": "8", "注文数量": "424", "注文番号": "42J82026", "納入場所": "SCMｿｳｺﾆｳｹ", "製造指図": "", "部品番号24": "4687871", "データ区分": "Y55", "データ種別": "HH495", "ポスト区分": "4", "ライン区分": "", "企業コード": "XXXXX", "備付マーク": "X", "原因コード": "", "組織コード": "TA0", "カンバンＮｏ": "", "レコード区分": "1", "不良責任部署": "", "事業所コード": "XXX", "検査区分翻訳": "ﾏﾙﾕｳ", "発注処理区分": "", "発注理由区分": "", "発注種類区分": "", "社内郵便番号": "", "納品書用品名": "ブラケット", "経費依頼者名": "", "保安Ａ部品区分": "0", "サプライヤコード": "E820T2", "サプライヤ正式名": "ダイソウ工業株式会社", "プロジェクトＮｏ": "TA0", "納品書用品名ｶﾅ": "BRACKET", "調達品分野コード": "T3", "C表No/不良通知Ｎｏ": "", "次工程送先/支給先": "", "サプライヤ工場区分": "", "日立品目対応データ": "", "管理区分/貸方事業所": "", "バーコードNo（納品書部）": "T042J8202607", "管理番号/包装ロット１・２": "", "バーコードNo（物流カード部）": "FF42J8202607"}",ERROR,"Missing required fields","2025-12-04 00:38:56","2025-12-04 00:38:56"
515,0001,FIRM,CSV,20251204取込済_E820T1-Y55-251204074545.csv,40,,NULL,NULL,,0.000,"{"M歴": "000", "単位": "7", "図歴": "000", "図番": "4687871", "棚番": "", "納期": "20251217", "表歴": "", "防錆": "", "項番": "", "送付No": "1296", "包装１": "", "包装２": "", "納入先": "ﾃｨｴﾗ", "総重量": "0.04", "仕上重量": "0.01", "保管場所": "407218", "受注番号": "", "受注項番": "", "塗装翻訳": "", "検査区分": "8", "注文数量": "4", "注文番号": "42J82029", "納入場所": "SCMｿｳｺﾆｳｹ", "製造指図": "", "部品番号24": "4687871", "データ区分": "Y55", "データ種別": "HH495", "ポスト区分": "4", "ライン区分": "", "企業コード": "XXXXX", "備付マーク": "X", "原因コード": "", "組織コード": "TA0", "カンバンＮｏ": "", "レコード区分": "1", "不良責任部署": "", "事業所コード": "XXX", "検査区分翻訳": "ﾏﾙﾕｳ", "発注処理区分": "", "発注理由区分": "", "発注種類区分": "", "社内郵便番号": "", "納品書用品名": "ブラケット", "経費依頼者名": "", "保安Ａ部品区分": "0", "サプライヤコード": "E820T2", "サプライヤ正式名": "ダイソウ工業株式会社", "プロジェクトＮｏ": "TA0", "納品書用品名ｶﾅ": "BRACKET", "調達品分野コード": "T3", "C表No/不良通知Ｎｏ": "", "次工程送先/支給先": "", "サプライヤ工場区分": "", "日立品目対応データ": "", "管理区分/貸方事業所": "", "バーコードNo（納品書部）": "T042J820290A", "管理番号/包装ロット１・２": "", "バーコードNo（物流カード部）": "FF42J820290A"}",ERROR,"Missing required fields","2025-12-04 00:38:56","2025-12-04 00:38:56"
516,0001,FIRM,CSV,20251204取込済_E820T1-Y55-251204074545.csv,41,,NULL,NULL,,0.000,"{"M歴": "000", "単位": "7", "図歴": "000", "図番": "4687871", "棚番": "", "納期": "20251217", "表歴": "", "防錆": "", "項番": "", "送付No": "1296", "包装１": "", "包装２": "", "納入先": "ﾃｨｴﾗ", "総重量": "3.35", "仕上重量": "0.01", "保管場所": "305433", "受注番号": "", "受注項番": "", "塗装翻訳": "", "検査区分": "8", "注文数量": "335", "注文番号": "42J82034", "納入場所": "SCMｿｳｺﾆｳｹ", "製造指図": "", "部品番号24": "4687871", "データ区分": "Y55", "データ種別": "HH495", "ポスト区分": "4", "ライン区分": "", "企業コード": "XXXXX", "備付マーク": "X", "原因コード": "", "組織コード": "TA0", "カンバンＮｏ": "", "レコード区分": "1", "不良責任部署": "", "事業所コード": "XXX", "検査区分翻訳": "ﾏﾙﾕｳ", "発注処理区分": "", "発注理由区分": "", "発注種類区分": "", "社内郵便番号": "", "納品書用品名": "ブラケット", "経費依頼者名": "", "保安Ａ部品区分": "0", "サプライヤコード": "E820T2", "サプライヤ正式名": "ダイソウ工業株式会社", "プロジェクトＮｏ": "TA0", "納品書用品名ｶﾅ": "BRACKET", "調達品分野コード": "T3", "C表No/不良通知Ｎｏ": "", "次工程送先/支給先": "", "サプライヤ工場区分": "", "日立品目対応データ": "", "管理区分/貸方事業所": "", "バーコードNo（納品書部）": "T042J8203406", "管理番号/包装ロット１・２": "", "バーコードNo（物流カード部）": "FF42J8203406"}",ERROR,"Missing required fields","2025-12-04 00:38:56","2025-12-04 00:38:56"
517,0001,FIRM,CSV,20251204取込済_E820T1-Y55-251204074545.csv,42,,NULL,NULL,,0.000,"{"M歴": "000", "単位": "7", "図歴": "000", "図番": "4687871", "棚番": "", "納期": "20251217", "表歴": "", "防錆": "", "項番": "", "送付No": "1296", "包装１": "", "包装２": "", "納入先": "ﾃｨｴﾗ", "総重量": "0.5", "仕上重量": "0.01", "保管場所": "SEIKAN", "受注番号": "", "受注項番": "", "塗装翻訳": "", "検査区分": "8", "注文数量": "50", "注文番号": "42J82036", "納入場所": "ｼｶﾞﾆｳｹ", "製造指図": "", "部品番号24": "4687871", "データ区分": "Y55", "データ種別": "HH495", "ポスト区分": "4", "ライン区分": "", "企業コード": "XXXXX", "備付マーク": "X", "原因コード": "", "組織コード": "TE1", "カンバンＮｏ": "", "レコード区分": "1", "不良責任部署": "", "事業所コード": "XXX", "検査区分翻訳": "ﾏﾙﾕｳ", "発注処理区分": "", "発注理由区分": "", "発注種類区分": "T", "社内郵便番号": "", "納品書用品名": "ブラケット", "経費依頼者名": "", "保安Ａ部品区分": "0", "サプライヤコード": "E820T2", "サプライヤ正式名": "ダイソウ工業株式会社", "プロジェクトＮｏ": "TG", "納品書用品名ｶﾅ": "BRACKET", "調達品分野コード": "T3", "C表No/不良通知Ｎｏ": "", "次工程送先/支給先": "", "サプライヤ工場区分": "", "日立品目対応データ": "", "管理区分/貸方事業所": "", "バーコードNo（納品書部）": "T042J8203608", "管理番号/包装ロット１・２": "", "バーコードNo（物流カード部）": "FF42J8203608"}",ERROR,"Missing required fields","2025-12-04 00:38:56","2025-12-04 00:38:56"
518,0001,FIRM,CSV,20251204取込済_E820T1-Y55-251204074545.csv,43,,NULL,NULL,,0.000,"{"M歴": "000", "単位": "7", "図歴": "000", "図番": "4687871", "棚番": "", "納期": "20251217", "表歴": "", "防錆": "", "項番": "", "送付No": "1296", "包装１": "", "包装２": "", "納入先": "ﾃｨｴﾗ", "総重量": "0.55", "仕上重量": "0.01", "保管場所": "209339", "受注番号": "", "受注項番": "", "塗装翻訳": "", "検査区分": "8", "注文数量": "55", "注文番号": "42J82039", "納入場所": "SCMｿｳｺﾆｳｹ", "製造指図": "", "部品番号24": "4687871", "データ区分": "Y55", "データ種別": "HH495", "ポスト区分": "4", "ライン区分": "", "企業コード": "XXXXX", "備付マーク": "X", "原因コード": "", "組織コード": "TA0", "カンバンＮｏ": "", "レコード区分": "1", "不良責任部署": "", "事業所コード": "XXX", "検査区分翻訳": "ﾏﾙﾕｳ", "発注処理区分": "", "発注理由区分": "", "発注種類区分": "", "社内郵便番号": "", "納品書用品名": "ブラケット", "経費依頼者名": "", "保安Ａ部品区分": "0", "サプライヤコード": "E820T2", "サプライヤ正式名": "ダイソウ工業株式会社", "プロジェクトＮｏ": "TA0", "納品書用品名ｶﾅ": "BRACKET", "調達品分野コード": "T3", "C表No/不良通知Ｎｏ": "", "次工程送先/支給先": "", "サプライヤ工場区分": "", "日立品目対応データ": "", "管理区分/貸方事業所": "", "バーコードNo（納品書部）": "T042J820390B", "管理番号/包装ロット１・２": "", "バーコードNo（物流カード部）": "FF42J820390B"}",ERROR,"Missing required fields","2025-12-04 00:38:56","2025-12-04 00:38:56"
519,0001,FIRM,CSV,20251204取込済_E820T1-Y55-251204074545.csv,44,,NULL,NULL,,0.000,"{"M歴": "000", "単位": "7", "図歴": "000", "図番": "4687871", "棚番": "A-4300", "納期": "20251217", "表歴": "", "防錆": "", "項番": "", "送付No": "1296", "包装１": "", "包装２": "", "納入先": "ﾃｨｴﾗ", "総重量": "0.1", "仕上重量": "0.01", "保管場所": "LD0000", "受注番号": "", "受注項番": "", "塗装翻訳": "", "検査区分": "8", "注文数量": "10", "注文番号": "42J82041", "納入場所": "SCMｿｳｺﾆｳｹ", "製造指図": "", "部品番号24": "4687871", "データ区分": "Y55", "データ種別": "HH495", "ポスト区分": "4", "ライン区分": "", "企業コード": "XXXXX", "備付マーク": "X", "原因コード": "", "組織コード": "TA0", "カンバンＮｏ": "", "レコード区分": "1", "不良責任部署": "", "事業所コード": "XXX", "検査区分翻訳": "ﾏﾙﾕｳ", "発注処理区分": "", "発注理由区分": "", "発注種類区分": "", "社内郵便番号": "", "納品書用品名": "ブラケット", "経費依頼者名": "", "保安Ａ部品区分": "0", "サプライヤコード": "E820T2", "サプライヤ正式名": "ダイソウ工業株式会社", "プロジェクトＮｏ": "TA0", "納品書用品名ｶﾅ": "BRACKET", "調達品分野コード": "T3", "C表No/不良通知Ｎｏ": "", "次工程送先/支給先": "", "サプライヤ工場区分": "", "日立品目対応データ": "", "管理区分/貸方事業所": "", "バーコードNo（納品書部）": "T042J8204104", "管理番号/包装ロット１・２": "", "バーコードNo（物流カード部）": "FF42J8204104"}",ERROR,"Missing required fields","2025-12-04 00:38:56","2025-12-04 00:38:56"
520,0001,FIRM,CSV,20251204取込済_E820T1-Y55-251204074545.csv,45,,NULL,NULL,,0.000,"{"M歴": "000", "単位": "7", "図歴": "001", "図番": "8103213", "棚番": "", "納期": "20251217", "表歴": "", "防錆": "", "項番": "", "送付No": "1296", "包装１": "", "包装２": "", "納入先": "ﾃｨｴﾗ", "総重量": "0.46", "仕上重量": "0.46", "保管場所": "KA9593", "受注番号": "", "受注項番": "", "塗装翻訳": "", "検査区分": "8", "注文数量": "1", "注文番号": "42J82241", "納入場所": "KA9593ﾆｳｹ", "製造指図": "", "部品番号24": "8103213XXXA001", "データ区分": "Y55", "データ種別": "HH495", "ポスト区分": "4", "ライン区分": "", "企業コード": "XXXXX", "備付マーク": "X", "原因コード": "", "組織コード": "TA0", "カンバンＮｏ": "", "レコード区分": "1", "不良責任部署": "", "事業所コード": "XXX", "検査区分翻訳": "ﾏﾙﾕｳ", "発注処理区分": "", "発注理由区分": "", "発注種類区分": "", "社内郵便番号": "", "納品書用品名": "ペダル", "経費依頼者名": "", "保安Ａ部品区分": "3", "サプライヤコード": "E820T2", "サプライヤ正式名": "ダイソウ工業株式会社", "プロジェクトＮｏ": "TA0", "納品書用品名ｶﾅ": "PEDAL", "調達品分野コード": "T3", "C表No/不良通知Ｎｏ": "", "次工程送先/支給先": "", "サプライヤ工場区分": "", "日立品目対応データ": "", "管理区分/貸方事業所": "", "バーコードNo（納品書部）": "T042J8224106", "管理番号/包装ロット１・２": "", "バーコードNo（物流カード部）": "FF42J8224106"}",ERROR,"Missing required fields","2025-12-04 00:38:56","2025-12-04 00:38:56"
521,0001,FIRM,CSV,20251204取込済_E820T1-Y55-251204074545.csv,46,,NULL,NULL,,0.000,"{"M歴": "001", "単位": "7", "図歴": "001", "図番": "9738322", "棚番": "", "納期": "20251217", "表歴": "", "防錆": "", "項番": "", "送付No": "1296", "包装１": "", "包装２": "", "納入先": "ﾃｨｴﾗ", "総重量": "1.15", "仕上重量": "0.23", "保管場所": "W04001", "受注番号": "", "受注項番": "", "塗装翻訳": "", "検査区分": "8", "注文数量": "5", "注文番号": "42J82261", "納入場所": "ｼｶﾞﾆｳｹ", "製造指図": "", "部品番号24": "9738322", "データ区分": "Y55", "データ種別": "HH495", "ポスト区分": "4", "ライン区分": "", "企業コード": "XXXXX", "備付マーク": "X", "原因コード": "", "組織コード": "TA0", "カンバンＮｏ": "", "レコード区分": "1", "不良責任部署": "", "事業所コード": "XXX", "検査区分翻訳": "ﾏﾙﾕｳ", "発注処理区分": "", "発注理由区分": "", "発注種類区分": "", "社内郵便番号": "", "納品書用品名": "シート；スクリュ", "経費依頼者名": "", "保安Ａ部品区分": "0", "サプライヤコード": "E820T2", "サプライヤ正式名": "ダイソウ工業株式会社", "プロジェクトＮｏ": "TA0", "納品書用品名ｶﾅ": "SEAT;SCREW", "調達品分野コード": "T3", "C表No/不良通知Ｎｏ": "", "次工程送先/支給先": "", "サプライヤ工場区分": "", "日立品目対応データ": "", "管理区分/貸方事業所": "", "バーコードNo（納品書部）": "T042J8226108", "管理番号/包装ロット１・２": "", "バーコードNo（物流カード部）": "FF42J8226108"}",ERROR,"Missing required fields","2025-12-04 00:38:56","2025-12-04 00:38:56"
522,0001,FIRM,CSV,20251204取込済_E820T1-Y55-251204074545.csv,47,,NULL,NULL,,0.000,"{"M歴": "004", "単位": "7", "図歴": "002", "図番": "YA00040255", "棚番": "", "納期": "20251218", "表歴": "", "防錆": "", "項番": "", "送付No": "1296", "包装１": "", "包装２": "", "納入先": "ﾃｨｴﾗ", "総重量": "", "仕上重量": "", "保管場所": "560172", "受注番号": "", "受注項番": "", "塗装翻訳": "", "検査区分": "8", "注文数量": "2", "注文番号": "42J82494", "納入場所": "ﾐﾅｸﾁｿｳｺﾆｳｹ", "製造指図": "5C0009865190", "部品番号24": "YA00040255_0010-0010", "データ区分": "Y55", "データ種別": "HH495", "ポスト区分": "4", "ライン区分": "", "企業コード": "XXXXX", "備付マーク": "X", "原因コード": "", "組織コード": "TB1", "カンバンＮｏ": "", "レコード区分": "1", "不良責任部署": "", "事業所コード": "XXX", "検査区分翻訳": "ﾏﾙﾕｳ", "発注処理区分": "", "発注理由区分": "", "発注種類区分": "", "社内郵便番号": "", "納品書用品名": "カバー", "経費依頼者名": "", "保安Ａ部品区分": "0", "サプライヤコード": "E820T2", "サプライヤ正式名": "ダイソウ工業株式会社", "プロジェクトＮｏ": "TB1", "納品書用品名ｶﾅ": "COVER", "調達品分野コード": "T3", "C表No/不良通知Ｎｏ": "", "次工程送先/支給先": "", "サプライヤ工場区分": "", "日立品目対応データ": "", "管理区分/貸方事業所": "00100010", "バーコードNo（納品書部）": "T042J824940G", "管理番号/包装ロット１・２": "", "バーコードNo（物流カード部）": "FF42J824940G"}",ERROR,"Missing required fields","2025-12-04 00:38:56","2025-12-04 00:38:56"
523,0001,FIRM,CSV,20251204取込済_E820T1-Y55-251204074545.csv,48,,NULL,NULL,,0.000,"{"M歴": "000", "単位": "7", "図歴": "002", "図番": "9766876", "棚番": "N-3400", "納期": "20251217", "表歴": "", "防錆": "", "項番": "", "送付No": "1296", "包装１": "", "包装２": "", "納入先": "ﾃｨｴﾗ", "総重量": "0.62", "仕上重量": "0.31", "保管場所": "LD0000", "受注番号": "", "受注項番": "", "塗装翻訳": "", "検査区分": "8", "注文数量": "2", "注文番号": "42J82542", "納入場所": "SCMｿｳｺﾆｳｹ", "製造指図": "", "部品番号24": "9766876", "データ区分": "Y55", "データ種別": "HH495", "ポスト区分": "4", "ライン区分": "", "企業コード": "XXXXX", "備付マーク": "X", "原因コード": "", "組織コード": "TA0", "カンバンＮｏ": "", "レコード区分": "1", "不良責任部署": "", "事業所コード": "XXX", "検査区分翻訳": "ﾏﾙﾕｳ", "発注処理区分": "", "発注理由区分": "", "発注種類区分": "", "社内郵便番号": "", "納品書用品名": "ブラケット", "経費依頼者名": "", "保安Ａ部品区分": "0", "サプライヤコード": "E820T2", "サプライヤ正式名": "ダイソウ工業株式会社", "プロジェクトＮｏ": "TA0", "納品書用品名ｶﾅ": "BRACKET", "調達品分野コード": "T3", "C表No/不良通知Ｎｏ": "", "次工程送先/支給先": "", "サプライヤ工場区分": "", "日立品目対応データ": "", "管理区分/貸方事業所": "", "バーコードNo（納品書部）": "T042J825420A", "管理番号/包装ロット１・２": "", "バーコードNo（物流カード部）": "FF42J825420A"}",ERROR,"Missing required fields","2025-12-04 00:38:56","2025-12-04 00:38:56"
524,0001,FIRM,CSV,20251204取込済_E820T1-Y55-251204074545.csv,49,,NULL,NULL,,0.000,"{"M歴": "000", "単位": "7", "図歴": "000", "図番": "8090114", "棚番": "", "納期": "20251217", "表歴": "", "防錆": "", "項番": "", "送付No": "1296", "包装１": "", "包装２": "", "納入先": "ﾃｨｴﾗ", "総重量": "0.61", "仕上重量": "0.61", "保管場所": "KA9593", "受注番号": "", "受注項番": "", "塗装翻訳": "", "検査区分": "8", "注文数量": "1", "注文番号": "42J82647", "納入場所": "KA9593ﾆｳｹ", "製造指図": "", "部品番号24": "8090114XXXA001", "データ区分": "Y55", "データ種別": "HH495", "ポスト区分": "4", "ライン区分": "", "企業コード": "XXXXX", "備付マーク": "X", "原因コード": "", "組織コード": "TA0", "カンバンＮｏ": "", "レコード区分": "1", "不良責任部署": "", "事業所コード": "XXX", "検査区分翻訳": "ﾏﾙﾕｳ", "発注処理区分": "", "発注理由区分": "", "発注種類区分": "", "社内郵便番号": "", "納品書用品名": "ブラケット", "経費依頼者名": "", "保安Ａ部品区分": "0", "サプライヤコード": "E820T2", "サプライヤ正式名": "ダイソウ工業株式会社", "プロジェクトＮｏ": "TA0", "納品書用品名ｶﾅ": "BRACKET", "調達品分野コード": "T3", "C表No/不良通知Ｎｏ": "", "次工程送先/支給先": "", "サプライヤ工場区分": "", "日立品目対応データ": "", "管理区分/貸方事業所": "", "バーコードNo（納品書部）": "T042J826470G", "管理番号/包装ロット１・２": "", "バーコードNo（物流カード部）": "FF42J826470G"}",ERROR,"Missing required fields","2025-12-04 00:38:56","2025-12-04 00:38:56"
525,0001,FIRM,CSV,20251204取込済_E820T1-Y55-251204074545.csv,50,,NULL,NULL,,0.000,"{"M歴": "000", "単位": "7", "図歴": "002", "図番": "8103197", "棚番": "", "納期": "20251217", "表歴": "", "防錆": "", "項番": "", "送付No": "1296", "包装１": "", "包装２": "", "納入先": "ﾃｨｴﾗ", "総重量": "0.21", "仕上重量": "0.21", "保管場所": "KA9593", "受注番号": "", "受注項番": "", "塗装翻訳": "", "検査区分": "8", "注文数量": "1", "注文番号": "42J82657", "納入場所": "KA9593ﾆｳｹ", "製造指図": "", "部品番号24": "8103197XXXA001", "データ区分": "Y55", "データ種別": "HH495", "ポスト区分": "4", "ライン区分": "", "企業コード": "XXXXX", "備付マーク": "X", "原因コード": "", "組織コード": "TA0", "カンバンＮｏ": "", "レコード区分": "1", "不良責任部署": "", "事業所コード": "XXX", "検査区分翻訳": "ﾏﾙﾕｳ", "発注処理区分": "", "発注理由区分": "", "発注種類区分": "", "社内郵便番号": "", "納品書用品名": "ブラケット", "経費依頼者名": "", "保安Ａ部品区分": "0", "サプライヤコード": "E820T2", "サプライヤ正式名": "ダイソウ工業株式会社", "プロジェクトＮｏ": "TA0", "納品書用品名ｶﾅ": "BRACKET", "調達品分野コード": "T3", "C表No/不良通知Ｎｏ": "", "次工程送先/支給先": "", "サプライヤ工場区分": "", "日立品目対応データ": "", "管理区分/貸方事業所": "", "バーコードNo（納品書部）": "T042J826570H", "管理番号/包装ロット１・２": "", "バーコードNo（物流カード部）": "FF42J826570H"}",ERROR,"Missing required fields","2025-12-04 00:38:56","2025-12-04 00:38:56"
526,0001,FIRM,CSV,20251204取込済_E820T1-Y55-251204074545.csv,51,,NULL,NULL,,0.000,"{"M歴": "000", "単位": "7", "図歴": "001", "図番": "7042491", "棚番": "A-4100", "納期": "20251217", "表歴": "", "防錆": "", "項番": "", "送付No": "1296", "包装１": "", "包装２": "", "納入先": "ﾃｨｴﾗ", "総重量": "2.13", "仕上重量": "2.13", "保管場所": "LD0000", "受注番号": "", "受注項番": "", "塗装翻訳": "", "検査区分": "8", "注文数量": "1", "注文番号": "42J82715", "納入場所": "SCMｿｳｺﾆｳｹ", "製造指図": "", "部品番号24": "7042491", "データ区分": "Y55", "データ種別": "HH495", "ポスト区分": "4", "ライン区分": "", "企業コード": "XXXXX", "備付マーク": "X", "原因コード": "", "組織コード": "TA0", "カンバンＮｏ": "", "レコード区分": "1", "不良責任部署": "", "事業所コード": "XXX", "検査区分翻訳": "ﾏﾙﾕｳ", "発注処理区分": "", "発注理由区分": "", "発注種類区分": "", "社内郵便番号": "", "納品書用品名": "ブラケット", "経費依頼者名": "", "保安Ａ部品区分": "0", "サプライヤコード": "E820T2", "サプライヤ正式名": "ダイソウ工業株式会社", "プロジェクトＮｏ": "TA0", "納品書用品名ｶﾅ": "BRACKET", "調達品分野コード": "T3", "C表No/不良通知Ｎｏ": "", "次工程送先/支給先": "", "サプライヤ工場区分": "", "日立品目対応データ": "", "管理区分/貸方事業所": "", "バーコードNo（納品書部）": "T042J827150C", "管理番号/包装ロット１・２": "", "バーコードNo（物流カード部）": "FF42J827150C"}",ERROR,"Missing required fields","2025-12-04 00:38:56","2025-12-04 00:38:56"
527,0001,FIRM,CSV,20251204取込済_E820T1-Y55-251204074545.csv,52,,NULL,NULL,,0.000,"{"M歴": "000", "単位": "7", "図歴": "002", "図番": "9766167", "棚番": "N-3400", "納期": "20251217", "表歴": "", "防錆": "", "項番": "", "送付No": "1296", "包装１": "", "包装２": "", "納入先": "ﾃｨｴﾗ", "総重量": "0.32", "仕上重量": "0.16", "保管場所": "LD0000", "受注番号": "", "受注項番": "", "塗装翻訳": "", "検査区分": "8", "注文数量": "2", "注文番号": "42J82860", "納入場所": "SCMｿｳｺﾆｳｹ", "製造指図": "", "部品番号24": "9766167", "データ区分": "Y55", "データ種別": "HH495", "ポスト区分": "4", "ライン区分": "", "企業コード": "XXXXX", "備付マーク": "X", "原因コード": "", "組織コード": "TA0", "カンバンＮｏ": "", "レコード区分": "1", "不良責任部署": "", "事業所コード": "XXX", "検査区分翻訳": "ﾏﾙﾕｳ", "発注処理区分": "", "発注理由区分": "", "発注種類区分": "", "社内郵便番号": "", "納品書用品名": "ストッパ", "経費依頼者名": "", "保安Ａ部品区分": "0", "サプライヤコード": "E820T2", "サプライヤ正式名": "ダイソウ工業株式会社", "プロジェクトＮｏ": "TA0", "納品書用品名ｶﾅ": "STOPPER", "調達品分野コード": "T3", "C表No/不良通知Ｎｏ": "", "次工程送先/支給先": "", "サプライヤ工場区分": "", "日立品目対応データ": "", "管理区分/貸方事業所": "", "バーコードNo（納品書部）": "T042J828600D", "管理番号/包装ロット１・２": "", "バーコードNo（物流カード部）": "FF42J828600D"}",ERROR,"Missing required fields","2025-12-04 00:38:56","2025-12-04 00:38:56"
528,0001,FIRM,CSV,20251204取込済_E820T1-Y55-251204074545.csv,53,,NULL,NULL,,0.000,"{"M歴": "000", "単位": "7", "図歴": "005", "図番": "8102884", "棚番": "", "納期": "20251218", "表歴": "", "防錆": "", "項番": "", "送付No": "1296", "包装１": "", "包装２": "", "納入先": "ﾃｨｴﾗ", "総重量": "", "仕上重量": "", "保管場所": "MP9000", "受注番号": "", "受注項番": "", "塗装翻訳": "", "検査区分": "8", "注文数量": "1", "注文番号": "42J83720", "納入場所": "ｼｶﾞﾆｳｹ", "製造指図": "5C0009870414", "部品番号24": "8102884_0010-0010", "データ区分": "Y55", "データ種別": "HH495", "ポスト区分": "4", "ライン区分": "", "企業コード": "XXXXX", "備付マーク": "X", "原因コード": "", "組織コード": "TA0", "カンバンＮｏ": "", "レコード区分": "1", "不良責任部署": "", "事業所コード": "XXX", "検査区分翻訳": "ﾏﾙﾕｳ", "発注処理区分": "", "発注理由区分": "", "発注種類区分": "", "社内郵便番号": "", "納品書用品名": "ブレード", "経費依頼者名": "", "保安Ａ部品区分": "0", "サプライヤコード": "E820T2", "サプライヤ正式名": "ダイソウ工業株式会社", "プロジェクトＮｏ": "TA0", "納品書用品名ｶﾅ": "BLADE", "調達品分野コード": "T3", "C表No/不良通知Ｎｏ": "", "次工程送先/支給先": "", "サプライヤ工場区分": "", "日立品目対応データ": "", "管理区分/貸方事業所": "00100010", "バーコードNo（納品書部）": "T042J8372009", "管理番号/包装ロット１・２": "", "バーコードNo（物流カード部）": "FF42J8372009"}",ERROR,"Missing required fields","2025-12-04 00:38:56","2025-12-04 00:38:56"
529,0001,FIRM,CSV,20251204取込済_E820T1-Y55-251204074545.csv,54,,NULL,NULL,,0.000,"{"M歴": "000", "単位": "7", "図歴": "000", "図番": "8105373", "棚番": "Q-2400", "納期": "20251217", "表歴": "", "防錆": "", "項番": "", "送付No": "1296", "包装１": "", "包装２": "", "納入先": "ﾃｨｴﾗ", "総重量": "1", "仕上重量": "0.2", "保管場所": "LD0000", "受注番号": "", "受注項番": "", "塗装翻訳": "", "検査区分": "8", "注文数量": "5", "注文番号": "42J83733", "納入場所": "SCMｿｳｺﾆｳｹ", "製造指図": "", "部品番号24": "8105373", "データ区分": "Y55", "データ種別": "HH495", "ポスト区分": "4", "ライン区分": "", "企業コード": "XXXXX", "備付マーク": "X", "原因コード": "", "組織コード": "TA0", "カンバンＮｏ": "", "レコード区分": "1", "不良責任部署": "", "事業所コード": "XXX", "検査区分翻訳": "ﾏﾙﾕｳ", "発注処理区分": "", "発注理由区分": "", "発注種類区分": "", "社内郵便番号": "", "納品書用品名": "ブラケット", "経費依頼者名": "", "保安Ａ部品区分": "0", "サプライヤコード": "E820T2", "サプライヤ正式名": "ダイソウ工業株式会社", "プロジェクトＮｏ": "TA0", "納品書用品名ｶﾅ": "BRACKET", "調達品分野コード": "T3", "C表No/不良通知Ｎｏ": "", "次工程送先/支給先": "", "サプライヤ工場区分": "", "日立品目対応データ": "", "管理区分/貸方事業所": "", "バーコードNo（納品書部）": "T042J837330D", "管理番号/包装ロット１・２": "", "バーコードNo（物流カード部）": "FF42J837330D"}",ERROR,"Missing required fields","2025-12-04 00:38:56","2025-12-04 00:38:56"
530,0001,FIRM,CSV,20251204取込済_E820T1-Y55-251204074545.csv,55,,NULL,NULL,,0.000,"{"M歴": "000", "単位": "7", "図歴": "001", "図番": "YA40030738", "棚番": "", "納期": "20251217", "表歴": "", "防錆": "", "項番": "", "送付No": "1296", "包装１": "", "包装２": "", "納入先": "ﾃｨｴﾗ", "総重量": "1.076", "仕上重量": "0.269", "保管場所": "560210", "受注番号": "", "受注項番": "", "塗装翻訳": "", "検査区分": "8", "注文数量": "4", "注文番号": "42J83981", "納入場所": "ﾐﾅｸﾁｿｳｺﾆｳｹ", "製造指図": "", "部品番号24": "YA40030738", "データ区分": "Y55", "データ種別": "HH495", "ポスト区分": "4", "ライン区分": "", "企業コード": "XXXXX", "備付マーク": "X", "原因コード": "", "組織コード": "TB1", "カンバンＮｏ": "", "レコード区分": "1", "不良責任部署": "", "事業所コード": "XXX", "検査区分翻訳": "ﾏﾙﾕｳ", "発注処理区分": "", "発注理由区分": "", "発注種類区分": "", "社内郵便番号": "", "納品書用品名": "ブラケット", "経費依頼者名": "", "保安Ａ部品区分": "0", "サプライヤコード": "E820T2", "サプライヤ正式名": "ダイソウ工業株式会社", "プロジェクトＮｏ": "TB1", "納品書用品名ｶﾅ": "BRACKET", "調達品分野コード": "T3", "C表No/不良通知Ｎｏ": "", "次工程送先/支給先": "", "サプライヤ工場区分": "", "日立品目対応データ": "", "管理区分/貸方事業所": "", "バーコードNo（納品書部）": "T042J839810I", "管理番号/包装ロット１・２": "", "バーコードNo（物流カード部）": "FF42J839810I"}",ERROR,"Missing required fields","2025-12-04 00:38:56","2025-12-04 00:38:56"
531,0001,FIRM,CSV,20251204取込済_E820T1-Y55-251204074545.csv,56,,NULL,NULL,,0.000,"{"M歴": "000", "単位": "7", "図歴": "000", "図番": "9766006", "棚番": "", "納期": "20251217", "表歴": "", "防錆": "", "項番": "", "送付No": "1296", "包装１": "", "包装２": "", "納入先": "ﾃｨｴﾗ", "総重量": "0.15", "仕上重量": "0.15", "保管場所": "KA9593", "受注番号": "", "受注項番": "", "塗装翻訳": "", "検査区分": "8", "注文数量": "1", "注文番号": "42J84066", "納入場所": "KA9593ﾆｳｹ", "製造指図": "", "部品番号24": "9766006XXXA001", "データ区分": "Y55", "データ種別": "HH495", "ポスト区分": "4", "ライン区分": "", "企業コード": "XXXXX", "備付マーク": "X", "原因コード": "", "組織コード": "TA0", "カンバンＮｏ": "", "レコード区分": "1", "不良責任部署": "", "事業所コード": "XXX", "検査区分翻訳": "ﾏﾙﾕｳ", "発注処理区分": "", "発注理由区分": "", "発注種類区分": "", "社内郵便番号": "", "納品書用品名": "ブラケット", "経費依頼者名": "", "保安Ａ部品区分": "0", "サプライヤコード": "E820T2", "サプライヤ正式名": "ダイソウ工業株式会社", "プロジェクトＮｏ": "TA0", "納品書用品名ｶﾅ": "BRACKET", "調達品分野コード": "T3", "C表No/不良通知Ｎｏ": "", "次工程送先/支給先": "", "サプライヤ工場区分": "", "日立品目対応データ": "", "管理区分/貸方事業所": "", "バーコードNo（納品書部）": "T042J840660D", "管理番号/包装ロット１・２": "", "バーコードNo（物流カード部）": "FF42J840660D"}",ERROR,"Missing required fields","2025-12-04 00:38:56","2025-12-04 00:38:56"
532,0001,FIRM,CSV,20251204取込済_E820T1-Y55-251204074545.csv,57,,NULL,NULL,,0.000,"{"M歴": "000", "単位": "7", "図歴": "000", "図番": "YD00000881", "棚番": "", "納期": "20251217", "表歴": "", "防錆": "", "項番": "", "送付No": "1296", "包装１": "", "包装２": "", "納入先": "ﾃｨｴﾗ", "総重量": "32.928", "仕上重量": "0.294", "保管場所": "104422", "受注番号": "", "受注項番": "", "塗装翻訳": "", "検査区分": "8", "注文数量": "112", "注文番号": "42J84670", "納入場所": "SCMｿｳｺﾆｳｹ", "製造指図": "", "部品番号24": "YD00000881", "データ区分": "Y55", "データ種別": "HH495", "ポスト区分": "4", "ライン区分": "", "企業コード": "XXXXX", "備付マーク": "X", "原因コード": "", "組織コード": "TA0", "カンバンＮｏ": "", "レコード区分": "1", "不良責任部署": "", "事業所コード": "XXX", "検査区分翻訳": "ﾏﾙﾕｳ", "発注処理区分": "", "発注理由区分": "", "発注種類区分": "", "社内郵便番号": "", "納品書用品名": "ストッパ", "経費依頼者名": "", "保安Ａ部品区分": "0", "サプライヤコード": "E820T2", "サプライヤ正式名": "ダイソウ工業株式会社", "プロジェクトＮｏ": "TA0", "納品書用品名ｶﾅ": "STOPPER", "調達品分野コード": "T3", "C表No/不良通知Ｎｏ": "", "次工程送先/支給先": "", "サプライヤ工場区分": "", "日立品目対応データ": "", "管理区分/貸方事業所": "", "バーコードNo（納品書部）": "T042J846700E", "管理番号/包装ロット１・２": "", "バーコードNo（物流カード部）": "FF42J846700E"}",ERROR,"Missing required fields","2025-12-04 00:38:56","2025-12-04 00:38:56"
533,0001,FIRM,CSV,20251204取込済_E820T1-Y55-251204074545.csv,58,,NULL,NULL,,0.000,"{"M歴": "000", "単位": "7", "図歴": "000", "図番": "YD00000881", "棚番": "", "納期": "20251217", "表歴": "", "防錆": "", "項番": "", "送付No": "1296", "包装１": "", "包装２": "", "納入先": "ﾃｨｴﾗ", "総重量": "16.464", "仕上重量": "0.294", "保管場所": "305256", "受注番号": "", "受注項番": "", "塗装翻訳": "", "検査区分": "8", "注文数量": "56", "注文番号": "42J84676", "納入場所": "SCMｿｳｺﾆｳｹ", "製造指図": "", "部品番号24": "YD00000881", "データ区分": "Y55", "データ種別": "HH495", "ポスト区分": "4", "ライン区分": "", "企業コード": "XXXXX", "備付マーク": "X", "原因コード": "", "組織コード": "TA0", "カンバンＮｏ": "", "レコード区分": "1", "不良責任部署": "", "事業所コード": "XXX", "検査区分翻訳": "ﾏﾙﾕｳ", "発注処理区分": "", "発注理由区分": "", "発注種類区分": "", "社内郵便番号": "", "納品書用品名": "ストッパ", "経費依頼者名": "", "保安Ａ部品区分": "0", "サプライヤコード": "E820T2", "サプライヤ正式名": "ダイソウ工業株式会社", "プロジェクトＮｏ": "TA0", "納品書用品名ｶﾅ": "STOPPER", "調達品分野コード": "T3", "C表No/不良通知Ｎｏ": "", "次工程送先/支給先": "", "サプライヤ工場区分": "", "日立品目対応データ": "", "管理区分/貸方事業所": "", "バーコードNo（納品書部）": "T042J846760K", "管理番号/包装ロット１・２": "", "バーコードNo（物流カード部）": "FF42J846760K"}",ERROR,"Missing required fields","2025-12-04 00:38:56","2025-12-04 00:38:56"
534,0001,FIRM,CSV,20251204取込済_E820T1-Y55-251204074545.csv,59,,NULL,NULL,,0.000,"{"M歴": "000", "単位": "7", "図歴": "001", "図番": "YD00002837", "棚番": "", "納期": "20251217", "表歴": "", "防錆": "", "項番": "", "送付No": "1296", "包装１": "", "包装２": "", "納入先": "ﾃｨｴﾗ", "総重量": "9.68", "仕上重量": "0.44", "保管場所": "306305", "受注番号": "", "受注項番": "", "塗装翻訳": "", "検査区分": "8", "注文数量": "22", "注文番号": "42J86225", "納入場所": "SCMｿｳｺﾆｳｹ", "製造指図": "", "部品番号24": "YD00002837", "データ区分": "Y55", "データ種別": "HH495", "ポスト区分": "4", "ライン区分": "", "企業コード": "XXXXX", "備付マーク": "X", "原因コード": "", "組織コード": "TA0", "カンバンＮｏ": "", "レコード区分": "1", "不良責任部署": "", "事業所コード": "XXX", "検査区分翻訳": "ﾏﾙﾕｳ", "発注処理区分": "", "発注理由区分": "", "発注種類区分": "", "社内郵便番号": "", "納品書用品名": "スペーサ", "経費依頼者名": "", "保安Ａ部品区分": "0", "サプライヤコード": "E820T2", "サプライヤ正式名": "ダイソウ工業株式会社", "プロジェクトＮｏ": "TA0", "納品書用品名ｶﾅ": "SPACER", "調達品分野コード": "T3", "C表No/不良通知Ｎｏ": "", "次工程送先/支給先": "", "サプライヤ工場区分": "", "日立品目対応データ": "", "管理区分/貸方事業所": "", "バーコードNo（納品書部）": "T042J862250C", "管理番号/包装ロット１・２": "", "バーコードNo（物流カード部）": "FF42J862250C"}",ERROR,"Missing required fields","2025-12-04 00:38:56","2025-12-04 00:38:56"
535,0001,FIRM,CSV,20251204取込済_E820T1-Y55-251204074545.csv,60,,NULL,NULL,,0.000,"{"M歴": "000", "単位": "7", "図歴": "000", "図番": "YD00000399", "棚番": "", "納期": "20251217", "表歴": "", "防錆": "", "項番": "", "送付No": "1296", "包装１": "", "包装２": "", "納入先": "ﾃｨｴﾗ", "総重量": "32.56", "仕上重量": "0.37", "保管場所": "306466", "受注番号": "", "受注項番": "", "塗装翻訳": "", "検査区分": "8", "注文数量": "88", "注文番号": "42J86837", "納入場所": "SCMｿｳｺﾆｳｹ", "製造指図": "", "部品番号24": "YD00000399", "データ区分": "Y55", "データ種別": "HH495", "ポスト区分": "4", "ライン区分": "", "企業コード": "XXXXX", "備付マーク": "X", "原因コード": "", "組織コード": "TA0", "カンバンＮｏ": "", "レコード区分": "1", "不良責任部署": "", "事業所コード": "XXX", "検査区分翻訳": "ﾏﾙﾕｳ", "発注処理区分": "", "発注理由区分": "", "発注種類区分": "", "社内郵便番号": "", "納品書用品名": "ストッパ", "経費依頼者名": "", "保安Ａ部品区分": "0", "サプライヤコード": "E820T2", "サプライヤ正式名": "ダイソウ工業株式会社", "プロジェクトＮｏ": "TA0", "納品書用品名ｶﾅ": "STOPPER", "調達品分野コード": "T3", "C表No/不良通知Ｎｏ": "", "次工程送先/支給先": "", "サプライヤ工場区分": "", "日立品目対応データ": "", "管理区分/貸方事業所": "", "バーコードNo（納品書部）": "T042J868370L", "管理番号/包装ロット１・２": "", "バーコードNo（物流カード部）": "FF42J868370L"}",ERROR,"Missing required fields","2025-12-04 00:38:56","2025-12-04 00:38:56"
536,0001,FIRM,CSV,20251204取込済_E820T1-Y55-251204074545.csv,61,,NULL,NULL,,0.000,"{"M歴": "000", "単位": "7", "図歴": "000", "図番": "YD00000399", "棚番": "", "納期": "20251217", "表歴": "", "防錆": "", "項番": "", "送付No": "1296", "包装１": "", "包装２": "", "納入先": "ﾃｨｴﾗ", "総重量": "16.28", "仕上重量": "0.37", "保管場所": "103249", "受注番号": "", "受注項番": "", "塗装翻訳": "", "検査区分": "8", "注文数量": "44", "注文番号": "42J86846", "納入場所": "SCMｿｳｺﾆｳｹ", "製造指図": "", "部品番号24": "YD00000399", "データ区分": "Y55", "データ種別": "HH495", "ポスト区分": "4", "ライン区分": "", "企業コード": "XXXXX", "備付マーク": "X", "原因コード": "", "組織コード": "TA0", "カンバンＮｏ": "", "レコード区分": "1", "不良責任部署": "", "事業所コード": "XXX", "検査区分翻訳": "ﾏﾙﾕｳ", "発注処理区分": "", "発注理由区分": "", "発注種類区分": "", "社内郵便番号": "", "納品書用品名": "ストッパ", "経費依頼者名": "", "保安Ａ部品区分": "0", "サプライヤコード": "E820T2", "サプライヤ正式名": "ダイソウ工業株式会社", "プロジェクトＮｏ": "TA0", "納品書用品名ｶﾅ": "STOPPER", "調達品分野コード": "T3", "C表No/不良通知Ｎｏ": "", "次工程送先/支給先": "", "サプライヤ工場区分": "", "日立品目対応データ": "", "管理区分/貸方事業所": "", "バーコードNo（納品書部）": "T042J868460L", "管理番号/包装ロット１・２": "", "バーコードNo（物流カード部）": "FF42J868460L"}",ERROR,"Missing required fields","2025-12-04 00:38:56","2025-12-04 00:38:56"
537,0001,FIRM,CSV,20251204取込済_E820T1-Y55-251204074545.csv,62,,NULL,NULL,,0.000,"{"M歴": "000", "単位": "7", "図歴": "000", "図番": "YD00013536", "棚番": "", "納期": "20251217", "表歴": "", "防錆": "", "項番": "", "送付No": "1296", "包装１": "", "包装２": "", "納入先": "ﾃｨｴﾗ", "総重量": "3.06", "仕上重量": "1.02", "保管場所": "210337", "受注番号": "", "受注項番": "", "塗装翻訳": "", "検査区分": "8", "注文数量": "3", "注文番号": "42J89561", "納入場所": "SCMｿｳｺﾆｳｹ", "製造指図": "", "部品番号24": "YD00013536", "データ区分": "Y55", "データ種別": "HH495", "ポスト区分": "4", "ライン区分": "", "企業コード": "XXXXX", "備付マーク": "X", "原因コード": "", "組織コード": "TA0", "カンバンＮｏ": "", "レコード区分": "1", "不良責任部署": "", "事業所コード": "XXX", "検査区分翻訳": "ﾏﾙﾕｳ", "発注処理区分": "", "発注理由区分": "", "発注種類区分": "", "社内郵便番号": "", "納品書用品名": "プレート", "経費依頼者名": "", "保安Ａ部品区分": "0", "サプライヤコード": "E820T2", "サプライヤ正式名": "ダイソウ工業株式会社", "プロジェクトＮｏ": "TA0", "納品書用品名ｶﾅ": "PLATE", "調達品分野コード": "T3", "C表No/不良通知Ｎｏ": "", "次工程送先/支給先": "", "サプライヤ工場区分": "", "日立品目対応データ": "", "管理区分/貸方事業所": "", "バーコードNo（納品書部）": "T042J895610I", "管理番号/包装ロット１・２": "", "バーコードNo（物流カード部）": "FF42J895610I"}",ERROR,"Missing required fields","2025-12-04 00:38:56","2025-12-04 00:38:56"
538,0001,FIRM,CSV,20251204取込済_E820T1-Y55-251204074545.csv,63,,NULL,NULL,,0.000,"{"M歴": "000", "単位": "7", "図歴": "000", "図番": "YD00009682", "棚番": "", "納期": "20251217", "表歴": "", "防錆": "", "項番": "", "送付No": "1296", "包装１": "", "包装２": "", "納入先": "ﾃｨｴﾗ", "総重量": "2.47", "仕上重量": "0.01", "保管場所": "109121", "受注番号": "", "受注項番": "", "塗装翻訳": "", "検査区分": "8", "注文数量": "247", "注文番号": "42J90232", "納入場所": "SCMｿｳｺﾆｳｹ", "製造指図": "", "部品番号24": "YD00009682", "データ区分": "Y55", "データ種別": "HH495", "ポスト区分": "4", "ライン区分": "", "企業コード": "XXXXX", "備付マーク": "X", "原因コード": "", "組織コード": "TA0", "カンバンＮｏ": "", "レコード区分": "1", "不良責任部署": "", "事業所コード": "XXX", "検査区分翻訳": "ﾏﾙﾕｳ", "発注処理区分": "", "発注理由区分": "", "発注種類区分": "", "社内郵便番号": "", "納品書用品名": "ブラケット", "経費依頼者名": "", "保安Ａ部品区分": "0", "サプライヤコード": "E820T2", "サプライヤ正式名": "ダイソウ工業株式会社", "プロジェクトＮｏ": "TA0", "納品書用品名ｶﾅ": "BRACKET", "調達品分野コード": "T3", "C表No/不良通知Ｎｏ": "", "次工程送先/支給先": "", "サプライヤ工場区分": "", "日立品目対応データ": "", "管理区分/貸方事業所": "", "バーコードNo（納品書部）": "T042J9023205", "管理番号/包装ロット１・２": "", "バーコードNo（物流カード部）": "FF42J9023205"}",ERROR,"Missing required fields","2025-12-04 00:38:56","2025-12-04 00:38:56"
539,0001,FIRM,CSV,20251204取込済_E820T1-Y55-251204074545.csv,64,,NULL,NULL,,0.000,"{"M歴": "000", "単位": "7", "図歴": "000", "図番": "YD00009682", "棚番": "", "納期": "20251217", "表歴": "", "防錆": "", "項番": "", "送付No": "1296", "包装１": "", "包装２": "", "納入先": "ﾃｨｴﾗ", "総重量": "0.39", "仕上重量": "0.01", "保管場所": "309232", "受注番号": "", "受注項番": "", "塗装翻訳": "", "検査区分": "8", "注文数量": "39", "注文番号": "42J90237", "納入場所": "SCMｿｳｺﾆｳｹ", "製造指図": "", "部品番号24": "YD00009682", "データ区分": "Y55", "データ種別": "HH495", "ポスト区分": "4", "ライン区分": "", "企業コード": "XXXXX", "備付マーク": "X", "原因コード": "", "組織コード": "TA0", "カンバンＮｏ": "", "レコード区分": "1", "不良責任部署": "", "事業所コード": "XXX", "検査区分翻訳": "ﾏﾙﾕｳ", "発注処理区分": "", "発注理由区分": "", "発注種類区分": "", "社内郵便番号": "", "納品書用品名": "ブラケット", "経費依頼者名": "", "保安Ａ部品区分": "0", "サプライヤコード": "E820T2", "サプライヤ正式名": "ダイソウ工業株式会社", "プロジェクトＮｏ": "TA0", "納品書用品名ｶﾅ": "BRACKET", "調達品分野コード": "T3", "C表No/不良通知Ｎｏ": "", "次工程送先/支給先": "", "サプライヤ工場区分": "", "日立品目対応データ": "", "管理区分/貸方事業所": "", "バーコードNo（納品書部）": "T042J902370A", "管理番号/包装ロット１・２": "", "バーコードNo（物流カード部）": "FF42J902370A"}",ERROR,"Missing required fields","2025-12-04 00:38:56","2025-12-04 00:38:56"
540,0001,FIRM,CSV,20251204取込済_E820T1-Y55-251204074545.csv,65,,NULL,NULL,,0.000,"{"M歴": "000", "単位": "7", "図歴": "000", "図番": "YD00011667", "棚番": "", "納期": "20251217", "表歴": "", "防錆": "", "項番": "", "送付No": "1296", "包装１": "", "包装２": "", "納入先": "ﾃｨｴﾗ", "総重量": "42.432", "仕上重量": "0.408", "保管場所": "109449", "受注番号": "", "受注項番": "", "塗装翻訳": "", "検査区分": "8", "注文数量": "104", "注文番号": "42J90889", "納入場所": "SCMｿｳｺﾆｳｹ", "製造指図": "", "部品番号24": "YD00011667", "データ区分": "Y55", "データ種別": "HH495", "ポスト区分": "4", "ライン区分": "", "企業コード": "XXXXX", "備付マーク": "X", "原因コード": "", "組織コード": "TA0", "カンバンＮｏ": "", "レコード区分": "1", "不良責任部署": "", "事業所コード": "XXX", "検査区分翻訳": "ﾏﾙﾕｳ", "発注処理区分": "", "発注理由区分": "", "発注種類区分": "", "社内郵便番号": "", "納品書用品名": "ストッパ", "経費依頼者名": "", "保安Ａ部品区分": "0", "サプライヤコード": "E820T2", "サプライヤ正式名": "ダイソウ工業株式会社", "プロジェクトＮｏ": "TA0", "納品書用品名ｶﾅ": "STOPPER", "調達品分野コード": "T3", "C表No/不良通知Ｎｏ": "", "次工程送先/支給先": "", "サプライヤ工場区分": "", "日立品目対応データ": "", "管理区分/貸方事業所": "", "バーコードNo（納品書部）": "T042J908890N", "管理番号/包装ロット１・２": "", "バーコードNo（物流カード部）": "FF42J908890N"}",ERROR,"Missing required fields","2025-12-04 00:38:56","2025-12-04 00:38:56"
541,0001,FIRM,CSV,20251204取込済_E820T1-Y55-251204074545.csv,66,,NULL,NULL,,0.000,"{"M歴": "000", "単位": "7", "図歴": "001", "図番": "YD00005547", "棚番": "", "納期": "20251217", "表歴": "", "防錆": "", "項番": "", "送付No": "1296", "包装１": "", "包装２": "", "納入先": "ﾃｨｴﾗ", "総重量": "6.56", "仕上重量": "0.41", "保管場所": "105266", "受注番号": "", "受注項番": "", "塗装翻訳": "", "検査区分": "8", "注文数量": "16", "注文番号": "42J91056", "納入場所": "SCMｿｳｺﾆｳｹ", "製造指図": "", "部品番号24": "YD00005547", "データ区分": "Y55", "データ種別": "HH495", "ポスト区分": "4", "ライン区分": "", "企業コード": "XXXXX", "備付マーク": "X", "原因コード": "", "組織コード": "TA0", "カンバンＮｏ": "", "レコード区分": "1", "不良責任部署": "", "事業所コード": "XXX", "検査区分翻訳": "ﾏﾙﾕｳ", "発注処理区分": "", "発注理由区分": "", "発注種類区分": "", "社内郵便番号": "", "納品書用品名": "ストッパ", "経費依頼者名": "", "保安Ａ部品区分": "0", "サプライヤコード": "E820T2", "サプライヤ正式名": "ダイソウ工業株式会社", "プロジェクトＮｏ": "TA0", "納品書用品名ｶﾅ": "STOPPER", "調達品分野コード": "T3", "C表No/不良通知Ｎｏ": "", "次工程送先/支給先": "", "サプライヤ工場区分": "", "日立品目対応データ": "", "管理区分/貸方事業所": "", "バーコードNo（納品書部）": "T042J910560A", "管理番号/包装ロット１・２": "", "バーコードNo（物流カード部）": "FF42J910560A"}",ERROR,"Missing required fields","2025-12-04 00:38:56","2025-12-04 00:38:56"
542,0001,FIRM,CSV,20251204取込済_E820T1-Y55-251204074545.csv,67,,NULL,NULL,,0.000,"{"M歴": "000", "単位": "7", "図歴": "001", "図番": "YD40001643", "棚番": "", "納期": "20251217", "表歴": "", "防錆": "", "項番": "", "送付No": "1296", "包装１": "", "包装２": "", "納入先": "ﾃｨｴﾗ", "総重量": "0.857", "仕上重量": "0.857", "保管場所": "307350", "受注番号": "", "受注項番": "", "塗装翻訳": "", "検査区分": "8", "注文数量": "1", "注文番号": "42J91322", "納入場所": "SCMｿｳｺﾆｳｹ", "製造指図": "", "部品番号24": "YD40001643", "データ区分": "Y55", "データ種別": "HH495", "ポスト区分": "4", "ライン区分": "", "企業コード": "XXXXX", "備付マーク": "X", "原因コード": "", "組織コード": "TA0", "カンバンＮｏ": "", "レコード区分": "1", "不良責任部署": "", "事業所コード": "XXX", "検査区分翻訳": "ﾏﾙﾕｳ", "発注処理区分": "", "発注理由区分": "", "発注種類区分": "", "社内郵便番号": "", "納品書用品名": "ブラケット", "経費依頼者名": "", "保安Ａ部品区分": "0", "サプライヤコード": "E820T2", "サプライヤ正式名": "ダイソウ工業株式会社", "プロジェクトＮｏ": "TA0", "納品書用品名ｶﾅ": "BRACKET", "調達品分野コード": "T3", "C表No/不良通知Ｎｏ": "", "次工程送先/支給先": "", "サプライヤ工場区分": "", "日立品目対応データ": "", "管理区分/貸方事業所": "", "バーコードNo（納品書部）": "T042J9132206", "管理番号/包装ロット１・２": "", "バーコードNo（物流カード部）": "FF42J9132206"}",ERROR,"Missing required fields","2025-12-04 00:38:56","2025-12-04 00:38:56"
543,0001,FIRM,CSV,20251204取込済_E820T1-Y55-251204074545.csv,68,,NULL,NULL,,0.000,"{"M歴": "000", "単位": "7", "図歴": "000", "図番": "YD40001339", "棚番": "", "納期": "20251217", "表歴": "", "防錆": "", "項番": "", "送付No": "1296", "包装１": "", "包装２": "", "納入先": "ﾃｨｴﾗ", "総重量": "17.4", "仕上重量": "17.4", "保管場所": "KA9593", "受注番号": "", "受注項番": "", "塗装翻訳": "", "検査区分": "8", "注文数量": "1", "注文番号": "42J91804", "納入場所": "KA9593ﾆｳｹ", "製造指図": "", "部品番号24": "YD40001339A001", "データ区分": "Y55", "データ種別": "HH495", "ポスト区分": "4", "ライン区分": "", "企業コード": "XXXXX", "備付マーク": "X", "原因コード": "", "組織コード": "TA0", "カンバンＮｏ": "", "レコード区分": "1", "不良責任部署": "", "事業所コード": "XXX", "検査区分翻訳": "ﾏﾙﾕｳ", "発注処理区分": "", "発注理由区分": "", "発注種類区分": "", "社内郵便番号": "", "納品書用品名": "ボックス", "経費依頼者名": "", "保安Ａ部品区分": "0", "サプライヤコード": "E820T2", "サプライヤ正式名": "ダイソウ工業株式会社", "プロジェクトＮｏ": "TA0", "納品書用品名ｶﾅ": "BOX", "調達品分野コード": "T3", "C表No/不良通知Ｎｏ": "", "次工程送先/支給先": "", "サプライヤ工場区分": "", "日立品目対応データ": "", "管理区分/貸方事業所": "", "バーコードNo（納品書部）": "T042J918040B", "管理番号/包装ロット１・２": "", "バーコードNo（物流カード部）": "FF42J918040B"}",ERROR,"Missing required fields","2025-12-04 00:38:56","2025-12-04 00:38:56"
544,0001,FIRM,CSV,20251204取込済_E820T1-Y55-251204074545.csv,69,,NULL,NULL,,0.000,"{"M歴": "001", "単位": "7", "図歴": "003", "図番": "YD40001340", "棚番": "", "納期": "20251218", "表歴": "", "防錆": "", "項番": "", "送付No": "1296", "包装１": "", "包装２": "", "納入先": "ﾃｨｴﾗ", "総重量": "", "仕上重量": "", "保管場所": "MP9000", "受注番号": "", "受注項番": "", "塗装翻訳": "", "検査区分": "8", "注文数量": "5", "注文番号": "42J91810", "納入場所": "ｼｶﾞﾆｳｹ", "製造指図": "5C0009867075", "部品番号24": "YD40001340_0010-0010", "データ区分": "Y55", "データ種別": "HH495", "ポスト区分": "4", "ライン区分": "", "企業コード": "XXXXX", "備付マーク": "X", "原因コード": "", "組織コード": "TA0", "カンバンＮｏ": "", "レコード区分": "1", "不良責任部署": "", "事業所コード": "XXX", "検査区分翻訳": "ﾏﾙﾕｳ", "発注処理区分": "", "発注理由区分": "", "発注種類区分": "", "社内郵便番号": "", "納品書用品名": "ブレード", "経費依頼者名": "", "保安Ａ部品区分": "0", "サプライヤコード": "E820T2", "サプライヤ正式名": "ダイソウ工業株式会社", "プロジェクトＮｏ": "TA0", "納品書用品名ｶﾅ": "BLADE", "調達品分野コード": "T3", "C表No/不良通知Ｎｏ": "", "次工程送先/支給先": "", "サプライヤ工場区分": "", "日立品目対応データ": "", "管理区分/貸方事業所": "00100010", "バーコードNo（納品書部）": "T042J9181008", "管理番号/包装ロット１・２": "", "バーコードNo（物流カード部）": "FF42J9181008"}",ERROR,"Missing required fields","2025-12-04 00:38:56","2025-12-04 00:38:56"
545,0001,FIRM,CSV,20251204取込済_E820T1-Y55-251204074545.csv,70,,NULL,NULL,,0.000,"{"M歴": "000", "単位": "7", "図歴": "000", "図番": "YD40004023", "棚番": "U-1100", "納期": "20251217", "表歴": "", "防錆": "", "項番": "", "送付No": "1296", "包装１": "", "包装２": "", "納入先": "ﾃｨｴﾗ", "総重量": "0.19", "仕上重量": "0.19", "保管場所": "LD0000", "受注番号": "", "受注項番": "", "塗装翻訳": "", "検査区分": "8", "注文数量": "1", "注文番号": "42J92153", "納入場所": "SCMｿｳｺﾆｳｹ", "製造指図": "", "部品番号24": "YD40004023", "データ区分": "Y55", "データ種別": "HH495", "ポスト区分": "4", "ライン区分": "", "企業コード": "XXXXX", "備付マーク": "X", "原因コード": "", "組織コード": "TA0", "カンバンＮｏ": "", "レコード区分": "1", "不良責任部署": "", "事業所コード": "XXX", "検査区分翻訳": "ﾏﾙﾕｳ", "発注処理区分": "", "発注理由区分": "", "発注種類区分": "", "社内郵便番号": "", "納品書用品名": "ブラケット", "経費依頼者名": "", "保安Ａ部品区分": "0", "サプライヤコード": "E820T2", "サプライヤ正式名": "ダイソウ工業株式会社", "プロジェクトＮｏ": "TA0", "納品書用品名ｶﾅ": "BRACKET", "調達品分野コード": "T3", "C表No/不良通知Ｎｏ": "", "次工程送先/支給先": "", "サプライヤ工場区分": "", "日立品目対応データ": "", "管理区分/貸方事業所": "", "バーコードNo（納品書部）": "T042J9215309", "管理番号/包装ロット１・２": "", "バーコードNo（物流カード部）": "FF42J9215309"}",ERROR,"Missing required fields","2025-12-04 00:38:56","2025-12-04 00:38:56"
546,0001,FIRM,CSV,20251204取込済_E820T1-Y55-251204074545.csv,71,,NULL,NULL,,0.000,"{"M歴": "001", "単位": "7", "図歴": "023", "図番": "YD40000553", "棚番": "", "納期": "20251218", "表歴": "", "防錆": "", "項番": "", "送付No": "1296", "包装１": "", "包装２": "", "納入先": "ﾃｨｴﾗ", "総重量": "", "仕上重量": "", "保管場所": "W01003", "受注番号": "", "受注項番": "", "塗装翻訳": "", "検査区分": "8", "注文数量": "12", "注文番号": "42J92283", "納入場所": "ｼｶﾞﾆｳｹ", "製造指図": "5C0009866663", "部品番号24": "YD40000553B913_0010-0010", "データ区分": "Y55", "データ種別": "HH495", "ポスト区分": "4", "ライン区分": "", "企業コード": "XXXXX", "備付マーク": "X", "原因コード": "", "組織コード": "TA0", "カンバンＮｏ": "", "レコード区分": "1", "不良責任部署": "", "事業所コード": "XXX", "検査区分翻訳": "ﾏﾙﾕｳ", "発注処理区分": "", "発注理由区分": "", "発注種類区分": "", "社内郵便番号": "", "納品書用品名": "プレート１３", "経費依頼者名": "", "保安Ａ部品区分": "3", "サプライヤコード": "E820T2", "サプライヤ正式名": "ダイソウ工業株式会社", "プロジェクトＮｏ": "TA0", "納品書用品名ｶﾅ": "BLOCK", "調達品分野コード": "T3", "C表No/不良通知Ｎｏ": "", "次工程送先/支給先": "", "サプライヤ工場区分": "", "日立品目対応データ": "", "管理区分/貸方事業所": "00100010", "バーコードNo（納品書部）": "T042J922830D", "管理番号/包装ロット１・２": "", "バーコードNo（物流カード部）": "FF42J922830D"}",ERROR,"Missing required fields","2025-12-04 00:38:56","2025-12-04 00:38:56"
547,0001,FIRM,CSV,20251204取込済_E820T1-Y55-251204074545.csv,72,,NULL,NULL,,0.000,"{"M歴": "000", "単位": "7", "図歴": "002", "図番": "YD40000211", "棚番": "N-4400", "納期": "20251217", "表歴": "", "防錆": "", "項番": "", "送付No": "1296", "包装１": "", "包装２": "", "納入先": "ﾃｨｴﾗ", "総重量": "2.38", "仕上重量": "0.34", "保管場所": "LD0000", "受注番号": "", "受注項番": "", "塗装翻訳": "", "検査区分": "8", "注文数量": "7", "注文番号": "42J92291", "納入場所": "SCMｿｳｺﾆｳｹ", "製造指図": "", "部品番号24": "YD40000211", "データ区分": "Y55", "データ種別": "HH495", "ポスト区分": "4", "ライン区分": "", "企業コード": "XXXXX", "備付マーク": "X", "原因コード": "", "組織コード": "TA0", "カンバンＮｏ": "", "レコード区分": "1", "不良責任部署": "", "事業所コード": "XXX", "検査区分翻訳": "ﾏﾙﾕｳ", "発注処理区分": "", "発注理由区分": "", "発注種類区分": "", "社内郵便番号": "", "納品書用品名": "ペダル", "経費依頼者名": "", "保安Ａ部品区分": "3", "サプライヤコード": "E820T2", "サプライヤ正式名": "ダイソウ工業株式会社", "プロジェクトＮｏ": "TA0", "納品書用品名ｶﾅ": "PEDAL", "調達品分野コード": "T3", "C表No/不良通知Ｎｏ": "", "次工程送先/支給先": "", "サプライヤ工場区分": "", "日立品目対応データ": "", "管理区分/貸方事業所": "", "バーコードNo（納品書部）": "T042J922910C", "管理番号/包装ロット１・２": "", "バーコードNo（物流カード部）": "FF42J922910C"}",ERROR,"Missing required fields","2025-12-04 00:38:56","2025-12-04 00:38:56"
548,0001,FIRM,CSV,20251204取込済_E820T1-Y55-251204074545.csv,73,,NULL,NULL,,0.000,"{"M歴": "002", "単位": "7", "図歴": "000", "図番": "YD40002199", "棚番": "", "納期": "20251218", "表歴": "", "防錆": "", "項番": "", "送付No": "1296", "包装１": "", "包装２": "", "納入先": "ﾃｨｴﾗ", "総重量": "", "仕上重量": "", "保管場所": "MP9000", "受注番号": "", "受注項番": "", "塗装翻訳": "", "検査区分": "8", "注文数量": "6", "注文番号": "42J92306", "納入場所": "ｼｶﾞﾆｳｹ", "製造指図": "5C0009867464", "部品番号24": "YD40002199_0010-0010", "データ区分": "Y55", "データ種別": "HH495", "ポスト区分": "4", "ライン区分": "", "企業コード": "XXXXX", "備付マーク": "X", "原因コード": "", "組織コード": "TA0", "カンバンＮｏ": "", "レコード区分": "1", "不良責任部署": "", "事業所コード": "XXX", "検査区分翻訳": "ﾏﾙﾕｳ", "発注処理区分": "", "発注理由区分": "", "発注種類区分": "", "社内郵便番号": "", "納品書用品名": "ブレード", "経費依頼者名": "", "保安Ａ部品区分": "0", "サプライヤコード": "E820T2", "サプライヤ正式名": "ダイソウ工業株式会社", "プロジェクトＮｏ": "TA0", "納品書用品名ｶﾅ": "BLADE", "調達品分野コード": "T3", "C表No/不良通知Ｎｏ": "", "次工程送先/支給先": "", "サプライヤ工場区分": "", "日立品目対応データ": "", "管理区分/貸方事業所": "00100010", "バーコードNo（納品書部）": "T042J9230609", "管理番号/包装ロット１・２": "", "バーコードNo（物流カード部）": "FF42J9230609"}",ERROR,"Missing required fields","2025-12-04 00:38:56","2025-12-04 00:38:56"
549,0001,FIRM,CSV,20251204取込済_E820T1-Y55-251204074545.csv,74,,NULL,NULL,,0.000,"{"M歴": "002", "単位": "7", "図歴": "002", "図番": "YD40002682", "棚番": "", "納期": "20251217", "表歴": "", "防錆": "", "項番": "", "送付No": "1296", "包装１": "", "包装２": "", "納入先": "ﾃｨｴﾗ", "総重量": "141.75", "仕上重量": "3.15", "保管場所": "KA9593", "受注番号": "", "受注項番": "", "塗装翻訳": "", "検査区分": "8", "注文数量": "45", "注文番号": "42J92343", "納入場所": "KA9593ﾆｳｹ", "製造指図": "", "部品番号24": "YD40002682A001", "データ区分": "Y55", "データ種別": "HH495", "ポスト区分": "4", "ライン区分": "", "企業コード": "XXXXX", "備付マーク": "X", "原因コード": "", "組織コード": "TA0", "カンバンＮｏ": "", "レコード区分": "1", "不良責任部署": "", "事業所コード": "XXX", "検査区分翻訳": "ﾏﾙﾕｳ", "発注処理区分": "", "発注理由区分": "", "発注種類区分": "", "社内郵便番号": "", "納品書用品名": "カバー", "経費依頼者名": "", "保安Ａ部品区分": "0", "サプライヤコード": "E820T2", "サプライヤ正式名": "ダイソウ工業株式会社", "プロジェクトＮｏ": "TA0", "納品書用品名ｶﾅ": "COVER", "調達品分野コード": "T3", "C表No/不良通知Ｎｏ": "", "次工程送先/支給先": "", "サプライヤ工場区分": "", "日立品目対応データ": "", "管理区分/貸方事業所": "", "バーコードNo（納品書部）": "T042J923430A", "管理番号/包装ロット１・２": "", "バーコードNo（物流カード部）": "FF42J923430A"}",ERROR,"Missing required fields","2025-12-04 00:38:56","2025-12-04 00:38:56"
550,0001,FIRM,CSV,20251204取込済_E820T1-Y55-251204074545.csv,75,,NULL,NULL,,0.000,"{"M歴": "000", "単位": "7", "図歴": "007", "図番": "YD40002946", "棚番": "", "納期": "20251217", "表歴": "", "防錆": "", "項番": "", "送付No": "1296", "包装１": "", "包装２": "", "納入先": "ﾃｨｴﾗ", "総重量": "100.05", "仕上重量": "50.025", "保管場所": "KA9699", "受注番号": "", "受注項番": "", "塗装翻訳": "", "検査区分": "8", "注文数量": "2", "注文番号": "42J92419", "納入場所": "KA9699ﾆｳｹ", "製造指図": "", "部品番号24": "YD40002946A001", "データ区分": "Y55", "データ種別": "HH495", "ポスト区分": "4", "ライン区分": "", "企業コード": "XXXXX", "備付マーク": "X", "原因コード": "", "組織コード": "TA0", "カンバンＮｏ": "", "レコード区分": "1", "不良責任部署": "", "事業所コード": "XXX", "検査区分翻訳": "ﾏﾙﾕｳ", "発注処理区分": "", "発注理由区分": "", "発注種類区分": "", "社内郵便番号": "", "納品書用品名": "フロア", "経費依頼者名": "", "保安Ａ部品区分": "3", "サプライヤコード": "E820T2", "サプライヤ正式名": "ダイソウ工業株式会社", "プロジェクトＮｏ": "TA0", "納品書用品名ｶﾅ": "FLOOR", "調達品分野コード": "T3", "C表No/不良通知Ｎｏ": "", "次工程送先/支給先": "", "サプライヤ工場区分": "", "日立品目対応データ": "", "管理区分/貸方事業所": "", "バーコードNo（納品書部）": "T042J924190E", "管理番号/包装ロット１・２": "", "バーコードNo（物流カード部）": "FF42J924190E"}",ERROR,"Missing required fields","2025-12-04 00:38:56","2025-12-04 00:38:56"
551,0001,FIRM,CSV,20251204取込済_E820T1-Y55-251204074545.csv,76,,NULL,NULL,,0.000,"{"M歴": "000", "単位": "7", "図歴": "000", "図番": "YD40006124", "棚番": "", "納期": "20251217", "表歴": "", "防錆": "", "項番": "", "送付No": "1296", "包装１": "", "包装２": "", "納入先": "ﾃｨｴﾗ", "総重量": "11.42", "仕上重量": "5.71", "保管場所": "KA9593", "受注番号": "", "受注項番": "", "塗装翻訳": "", "検査区分": "8", "注文数量": "2", "注文番号": "42J92704", "納入場所": "KA9593ﾆｳｹ", "製造指図": "", "部品番号24": "YD40006124A001", "データ区分": "Y55", "データ種別": "HH495", "ポスト区分": "4", "ライン区分": "", "企業コード": "XXXXX", "備付マーク": "X", "原因コード": "", "組織コード": "TA0", "カンバンＮｏ": "", "レコード区分": "1", "不良責任部署": "", "事業所コード": "XXX", "検査区分翻訳": "ﾏﾙﾕｳ", "発注処理区分": "", "発注理由区分": "", "発注種類区分": "", "社内郵便番号": "", "納品書用品名": "ブラケット", "経費依頼者名": "", "保安Ａ部品区分": "0", "サプライヤコード": "E820T2", "サプライヤ正式名": "ダイソウ工業株式会社", "プロジェクトＮｏ": "TA0", "納品書用品名ｶﾅ": "BRACKET", "調達品分野コード": "T3", "C表No/不良通知Ｎｏ": "", "次工程送先/支給先": "", "サプライヤ工場区分": "", "日立品目対応データ": "", "管理区分/貸方事業所": "", "バーコードNo（納品書部）": "T042J927040B", "管理番号/包装ロット１・２": "", "バーコードNo（物流カード部）": "FF42J927040B"}",ERROR,"Missing required fields","2025-12-04 00:38:56","2025-12-04 00:38:56"
552,0001,FIRM,CSV,20251204取込済_E820T1-Y55-251204074545.csv,77,,NULL,NULL,,0.000,"{"M歴": "000", "単位": "7", "図歴": "000", "図番": "YD40002154", "棚番": "", "納期": "20251217", "表歴": "", "防錆": "", "項番": "", "送付No": "1296", "包装１": "", "包装２": "", "納入先": "ﾃｨｴﾗ", "総重量": "0.4", "仕上重量": "0.08", "保管場所": "209330", "受注番号": "", "受注項番": "", "塗装翻訳": "", "検査区分": "8", "注文数量": "5", "注文番号": "42J92797", "納入場所": "SCMｿｳｺﾆｳｹ", "製造指図": "", "部品番号24": "YD40002154", "データ区分": "Y55", "データ種別": "HH495", "ポスト区分": "4", "ライン区分": "", "企業コード": "XXXXX", "備付マーク": "X", "原因コード": "", "組織コード": "TA0", "カンバンＮｏ": "", "レコード区分": "1", "不良責任部署": "", "事業所コード": "XXX", "検査区分翻訳": "ﾏﾙﾕｳ", "発注処理区分": "", "発注理由区分": "", "発注種類区分": "", "社内郵便番号": "", "納品書用品名": "ブラケット", "経費依頼者名": "", "保安Ａ部品区分": "0", "サプライヤコード": "E820T2", "サプライヤ正式名": "ダイソウ工業株式会社", "プロジェクトＮｏ": "TA0", "納品書用品名ｶﾅ": "BRACKET", "調達品分野コード": "T3", "C表No/不良通知Ｎｏ": "", "次工程送先/支給先": "", "サプライヤ工場区分": "", "日立品目対応データ": "", "管理区分/貸方事業所": "", "バーコードNo（納品書部）": "T042J927970N", "管理番号/包装ロット１・２": "", "バーコードNo（物流カード部）": "FF42J927970N"}",ERROR,"Missing required fields","2025-12-04 00:38:56","2025-12-04 00:38:56"
553,0001,FIRM,CSV,20251204取込済_E820T1-Y55-251204074545.csv,78,,NULL,NULL,,0.000,"{"M歴": "000", "単位": "7", "図歴": "001", "図番": "YD40002194", "棚番": "", "納期": "20251218", "表歴": "", "防錆": "", "項番": "", "送付No": "1296", "包装１": "", "包装２": "", "納入先": "ﾃｨｴﾗ", "総重量": "", "仕上重量": "", "保管場所": "MP9000", "受注番号": "", "受注項番": "", "塗装翻訳": "", "検査区分": "8", "注文数量": "2", "注文番号": "42J92811", "納入場所": "ｼｶﾞﾆｳｹ", "製造指図": "5C0009867463", "部品番号24": "YD40002194_0010-0010", "データ区分": "Y55", "データ種別": "HH495", "ポスト区分": "4", "ライン区分": "", "企業コード": "XXXXX", "備付マーク": "X", "原因コード": "", "組織コード": "TA0", "カンバンＮｏ": "", "レコード区分": "1", "不良責任部署": "", "事業所コード": "XXX", "検査区分翻訳": "ﾏﾙﾕｳ", "発注処理区分": "", "発注理由区分": "", "発注種類区分": "", "社内郵便番号": "", "納品書用品名": "ブレード", "経費依頼者名": "", "保安Ａ部品区分": "0", "サプライヤコード": "E820T2", "サプライヤ正式名": "ダイソウ工業株式会社", "プロジェクトＮｏ": "TA0", "納品書用品名ｶﾅ": "BLADE", "調達品分野コード": "T3", "C表No/不良通知Ｎｏ": "", "次工程送先/支給先": "", "サプライヤ工場区分": "", "日立品目対応データ": "", "管理区分/貸方事業所": "00100010", "バーコードNo（納品書部）": "T042J928110A", "管理番号/包装ロット１・２": "", "バーコードNo（物流カード部）": "FF42J928110A"}",ERROR,"Missing required fields","2025-12-04 00:38:56","2025-12-04 00:38:56"
554,0001,FIRM,CSV,20251204取込済_E820T1-Y55-251204074545.csv,79,,NULL,NULL,,0.000,"{"M歴": "000", "単位": "7", "図歴": "000", "図番": "YD00012739", "棚番": "A-2100", "納期": "20251217", "表歴": "", "防錆": "", "項番": "", "送付No": "1296", "包装１": "", "包装２": "", "納入先": "ﾃｨｴﾗ", "総重量": "0.351", "仕上重量": "0.351", "保管場所": "LD0000", "受注番号": "", "受注項番": "", "塗装翻訳": "", "検査区分": "8", "注文数量": "1", "注文番号": "42J92882", "納入場所": "SCMｿｳｺﾆｳｹ", "製造指図": "", "部品番号24": "YD00012739", "データ区分": "Y55", "データ種別": "HH495", "ポスト区分": "4", "ライン区分": "", "企業コード": "XXXXX", "備付マーク": "X", "原因コード": "", "組織コード": "TA0", "カンバンＮｏ": "", "レコード区分": "1", "不良責任部署": "", "事業所コード": "XXX", "検査区分翻訳": "ﾏﾙﾕｳ", "発注処理区分": "", "発注理由区分": "", "発注種類区分": "", "社内郵便番号": "", "納品書用品名": "カバー", "経費依頼者名": "", "保安Ａ部品区分": "0", "サプライヤコード": "E820T2", "サプライヤ正式名": "ダイソウ工業株式会社", "プロジェクトＮｏ": "TA0", "納品書用品名ｶﾅ": "COVER", "調達品分野コード": "T3", "C表No/不良通知Ｎｏ": "", "次工程送先/支給先": "", "サプライヤ工場区分": "", "日立品目対応データ": "", "管理区分/貸方事業所": "", "バーコードNo（納品書部）": "T042J928820I", "管理番号/包装ロット１・２": "", "バーコードNo（物流カード部）": "FF42J928820I"}",ERROR,"Missing required fields","2025-12-04 00:38:56","2025-12-04 00:38:56"
555,0001,FIRM,CSV,20251204取込済_E820T1-Y55-251204074545.csv,80,,NULL,NULL,,0.000,"{"M歴": "000", "単位": "7", "図歴": "000", "図番": "YD40002876", "棚番": "", "納期": "20251217", "表歴": "", "防錆": "", "項番": "", "送付No": "1296", "包装１": "", "包装２": "", "納入先": "ﾃｨｴﾗ", "総重量": "274.21", "仕上重量": "16.13", "保管場所": "KA9515", "受注番号": "", "受注項番": "", "塗装翻訳": "", "検査区分": "8", "注文数量": "17", "注文番号": "42J92914", "納入場所": "KA9515ﾆｳｹ", "製造指図": "", "部品番号24": "YD40002876A001", "データ区分": "Y55", "データ種別": "HH495", "ポスト区分": "4", "ライン区分": "", "企業コード": "XXXXX", "備付マーク": "X", "原因コード": "", "組織コード": "TA0", "カンバンＮｏ": "", "レコード区分": "1", "不良責任部署": "", "事業所コード": "XXX", "検査区分翻訳": "ﾏﾙﾕｳ", "発注処理区分": "", "発注理由区分": "", "発注種類区分": "", "社内郵便番号": "", "納品書用品名": "ブラケット", "経費依頼者名": "", "保安Ａ部品区分": "0", "サプライヤコード": "E820T2", "サプライヤ正式名": "ダイソウ工業株式会社", "プロジェクトＮｏ": "TA0", "納品書用品名ｶﾅ": "BRACKET", "調達品分野コード": "T3", "C表No/不良通知Ｎｏ": "", "次工程送先/支給先": "", "サプライヤ工場区分": "", "日立品目対応データ": "", "管理区分/貸方事業所": "", "バーコードNo（納品書部）": "T042J929140E", "管理番号/包装ロット１・２": "", "バーコードNo（物流カード部）": "FF42J929140E"}",ERROR,"Missing required fields","2025-12-04 00:38:56","2025-12-04 00:38:56"
556,0001,FIRM,CSV,20251204取込済_E820T1-Y55-251204074545.csv,81,,NULL,NULL,,0.000,"{"M歴": "000", "単位": "7", "図歴": "000", "図番": "YD40002876", "棚番": "", "納期": "20251217", "表歴": "", "防錆": "", "項番": "", "送付No": "1296", "包装１": "", "包装２": "", "納入先": "ﾃｨｴﾗ", "総重量": "32.26", "仕上重量": "16.13", "保管場所": "KA9515", "受注番号": "", "受注項番": "", "塗装翻訳": "", "検査区分": "8", "注文数量": "2", "注文番号": "42J92919", "納入場所": "KA9515ﾆｳｹ", "製造指図": "", "部品番号24": "YD40002876A001", "データ区分": "Y55", "データ種別": "HH495", "ポスト区分": "4", "ライン区分": "", "企業コード": "XXXXX", "備付マーク": "X", "原因コード": "", "組織コード": "TS2", "カンバンＮｏ": "", "レコード区分": "1", "不良責任部署": "", "事業所コード": "XXX", "検査区分翻訳": "ﾏﾙﾕｳ", "発注処理区分": "", "発注理由区分": "", "発注種類区分": "T", "社内郵便番号": "", "納品書用品名": "ブラケット", "経費依頼者名": "", "保安Ａ部品区分": "0", "サプライヤコード": "E820T2", "サプライヤ正式名": "ダイソウ工業株式会社", "プロジェクトＮｏ": "TS", "納品書用品名ｶﾅ": "BRACKET", "調達品分野コード": "T3", "C表No/不良通知Ｎｏ": "", "次工程送先/支給先": "", "サプライヤ工場区分": "", "日立品目対応データ": "", "管理区分/貸方事業所": "", "バーコードNo（納品書部）": "T042J929190J", "管理番号/包装ロット１・２": "", "バーコードNo（物流カード部）": "FF42J929190J"}",ERROR,"Missing required fields","2025-12-04 00:38:56","2025-12-04 00:38:56"
557,0001,FIRM,CSV,20251204取込済_E820T1-Y55-251204074545.csv,82,,NULL,NULL,,0.000,"{"M歴": "002", "単位": "7", "図歴": "005", "図番": "YD40000693", "棚番": "", "納期": "20251217", "表歴": "", "防錆": "", "項番": "", "送付No": "1296", "包装１": "", "包装２": "", "納入先": "ﾃｨｴﾗ", "総重量": "31.32", "仕上重量": "3.48", "保管場所": "KA9593", "受注番号": "", "受注項番": "", "塗装翻訳": "", "検査区分": "8", "注文数量": "9", "注文番号": "42J92968", "納入場所": "KA9593ﾆｳｹ", "製造指図": "", "部品番号24": "YD40000693A001", "データ区分": "Y55", "データ種別": "HH495", "ポスト区分": "4", "ライン区分": "", "企業コード": "XXXXX", "備付マーク": "X", "原因コード": "", "組織コード": "TA0", "カンバンＮｏ": "", "レコード区分": "1", "不良責任部署": "", "事業所コード": "XXX", "検査区分翻訳": "ﾏﾙﾕｳ", "発注処理区分": "", "発注理由区分": "", "発注種類区分": "", "社内郵便番号": "", "納品書用品名": "カバー", "経費依頼者名": "", "保安Ａ部品区分": "0", "サプライヤコード": "E820T2", "サプライヤ正式名": "ダイソウ工業株式会社", "プロジェクトＮｏ": "TA0", "納品書用品名ｶﾅ": "COVER", "調達品分野コード": "T3", "C表No/不良通知Ｎｏ": "", "次工程送先/支給先": "", "サプライヤ工場区分": "", "日立品目対応データ": "", "管理区分/貸方事業所": "", "バーコードNo（納品書部）": "T042J929680N", "管理番号/包装ロット１・２": "", "バーコードNo（物流カード部）": "FF42J929680N"}",ERROR,"Missing required fields","2025-12-04 00:38:56","2025-12-04 00:38:56"
558,0001,FIRM,CSV,20251204取込済_E820T1-Y55-251204074545.csv,83,,NULL,NULL,,0.000,"{"M歴": "003", "単位": "7", "図歴": "007", "図番": "YD40004910", "棚番": "", "納期": "20251218", "表歴": "", "防錆": "", "項番": "", "送付No": "1296", "包装１": "", "包装２": "", "納入先": "ﾃｨｴﾗ", "総重量": "", "仕上重量": "", "保管場所": "109430", "受注番号": "", "受注項番": "", "塗装翻訳": "", "検査区分": "8", "注文数量": "13", "注文番号": "42J93042", "納入場所": "SCMｿｳｺﾆｳｹ", "製造指図": "5C0009868914", "部品番号24": "YD40004910_0010-0010", "データ区分": "Y55", "データ種別": "HH495", "ポスト区分": "4", "ライン区分": "", "企業コード": "XXXXX", "備付マーク": "X", "原因コード": "", "組織コード": "TA0", "カンバンＮｏ": "", "レコード区分": "1", "不良責任部署": "", "事業所コード": "XXX", "検査区分翻訳": "ﾏﾙﾕｳ", "発注処理区分": "", "発注理由区分": "", "発注種類区分": "", "社内郵便番号": "", "納品書用品名": "ブラケット", "経費依頼者名": "", "保安Ａ部品区分": "0", "サプライヤコード": "E820T2", "サプライヤ正式名": "ダイソウ工業株式会社", "プロジェクトＮｏ": "TA0", "納品書用品名ｶﾅ": "BRACKET", "調達品分野コード": "T3", "C表No/不良通知Ｎｏ": "", "次工程送先/支給先": "", "サプライヤ工場区分": "", "日立品目対応データ": "", "管理区分/貸方事業所": "00100010", "バーコードNo（納品書部）": "T042J9304207", "管理番号/包装ロット１・２": "", "バーコードNo（物流カード部）": "FF42J9304207"}",ERROR,"Missing required fields","2025-12-04 00:38:56","2025-12-04 00:38:56"
559,0001,FIRM,CSV,20251204取込済_E820T1-Y55-251204074545.csv,84,,NULL,NULL,,0.000,"{"M歴": "001", "単位": "7", "図歴": "002", "図番": "YD40005032", "棚番": "", "納期": "20251217", "表歴": "", "防錆": "", "項番": "", "送付No": "1296", "包装１": "", "包装２": "", "納入先": "ﾃｨｴﾗ", "総重量": "12.909", "仕上重量": "0.993", "保管場所": "109433", "受注番号": "", "受注項番": "", "塗装翻訳": "", "検査区分": "8", "注文数量": "13", "注文番号": "42J93161", "納入場所": "SCMｿｳｺﾆｳｹ", "製造指図": "", "部品番号24": "YD40005032", "データ区分": "Y55", "データ種別": "HH495", "ポスト区分": "4", "ライン区分": "", "企業コード": "XXXXX", "備付マーク": "X", "原因コード": "", "組織コード": "TA0", "カンバンＮｏ": "", "レコード区分": "1", "不良責任部署": "", "事業所コード": "XXX", "検査区分翻訳": "ﾏﾙﾕｳ", "発注処理区分": "", "発注理由区分": "", "発注種類区分": "", "社内郵便番号": "", "納品書用品名": "カバー", "経費依頼者名": "", "保安Ａ部品区分": "0", "サプライヤコード": "E820T2", "サプライヤ正式名": "ダイソウ工業株式会社", "プロジェクトＮｏ": "TA0", "納品書用品名ｶﾅ": "COVER", "調達品分野コード": "T3", "C表No/不良通知Ｎｏ": "", "次工程送先/支給先": "", "サプライヤ工場区分": "", "日立品目対応データ": "", "管理区分/貸方事業所": "", "バーコードNo（納品書部）": "T042J9316109", "管理番号/包装ロット１・２": "", "バーコードNo（物流カード部）": "FF42J9316109"}",ERROR,"Missing required fields","2025-12-04 00:38:56","2025-12-04 00:38:56"
560,0001,FIRM,CSV,20251204取込済_E820T1-Y55-251204074545.csv,85,,NULL,NULL,,0.000,"{"M歴": "001", "単位": "7", "図歴": "003", "図番": "YD40003335", "棚番": "", "納期": "20251217", "表歴": "", "防錆": "", "項番": "", "送付No": "1296", "包装１": "", "包装２": "", "納入先": "ﾃｨｴﾗ", "総重量": "5.18", "仕上重量": "5.18", "保管場所": "KA9593", "受注番号": "", "受注項番": "", "塗装翻訳": "", "検査区分": "8", "注文数量": "1", "注文番号": "42J93178", "納入場所": "KA9593ﾆｳｹ", "製造指図": "", "部品番号24": "YD40003335A001", "データ区分": "Y55", "データ種別": "HH495", "ポスト区分": "4", "ライン区分": "", "企業コード": "XXXXX", "備付マーク": "X", "原因コード": "", "組織コード": "TA0", "カンバンＮｏ": "", "レコード区分": "1", "不良責任部署": "", "事業所コード": "XXX", "検査区分翻訳": "ﾏﾙﾕｳ", "発注処理区分": "", "発注理由区分": "", "発注種類区分": "", "社内郵便番号": "", "納品書用品名": "ブラケット", "経費依頼者名": "", "保安Ａ部品区分": "0", "サプライヤコード": "E820T2", "サプライヤ正式名": "ダイソウ工業株式会社", "プロジェクトＮｏ": "TA0", "納品書用品名ｶﾅ": "BRACKET", "調達品分野コード": "T3", "C表No/不良通知Ｎｏ": "", "次工程送先/支給先": "", "サプライヤ工場区分": "", "日立品目対応データ": "", "管理区分/貸方事業所": "", "バーコードNo（納品書部）": "T042J931780H", "管理番号/包装ロット１・２": "", "バーコードNo（物流カード部）": "FF42J931780H"}",ERROR,"Missing required fields","2025-12-04 00:38:56","2025-12-04 00:38:56"
561,0001,FIRM,CSV,20251204取込済_E820T1-Y55-251204074545.csv,86,,NULL,NULL,,0.000,"{"M歴": "000", "単位": "7", "図歴": "000", "図番": "YD40002740", "棚番": "", "納期": "20251217", "表歴": "", "防錆": "", "項番": "", "送付No": "1296", "包装１": "", "包装２": "", "納入先": "ﾃｨｴﾗ", "総重量": "1.08", "仕上重量": "1.08", "保管場所": "KA9593", "受注番号": "", "受注項番": "", "塗装翻訳": "", "検査区分": "8", "注文数量": "1", "注文番号": "42J93273", "納入場所": "KA9593ﾆｳｹ", "製造指図": "", "部品番号24": "YD40002740A001", "データ区分": "Y55", "データ種別": "HH495", "ポスト区分": "4", "ライン区分": "", "企業コード": "XXXXX", "備付マーク": "X", "原因コード": "", "組織コード": "TA0", "カンバンＮｏ": "", "レコード区分": "1", "不良責任部署": "", "事業所コード": "XXX", "検査区分翻訳": "ﾏﾙﾕｳ", "発注処理区分": "", "発注理由区分": "", "発注種類区分": "", "社内郵便番号": "", "納品書用品名": "ブラケット", "経費依頼者名": "", "保安Ａ部品区分": "0", "サプライヤコード": "E820T2", "サプライヤ正式名": "ダイソウ工業株式会社", "プロジェクトＮｏ": "TA0", "納品書用品名ｶﾅ": "BRACKET", "調達品分野コード": "T3", "C表No/不良通知Ｎｏ": "", "次工程送先/支給先": "", "サプライヤ工場区分": "", "日立品目対応データ": "", "管理区分/貸方事業所": "", "バーコードNo（納品書部）": "T042J932730D", "管理番号/包装ロット１・２": "", "バーコードNo（物流カード部）": "FF42J932730D"}",ERROR,"Missing required fields","2025-12-04 00:38:56","2025-12-04 00:38:56"
562,0001,FIRM,CSV,20251204取込済_E820T1-Y55-251204074545.csv,87,,NULL,NULL,,0.000,"{"M歴": "000", "単位": "7", "図歴": "000", "図番": "YD40004423", "棚番": "", "納期": "20251217", "表歴": "", "防錆": "", "項番": "", "送付No": "1296", "包装１": "", "包装２": "", "納入先": "ﾃｨｴﾗ", "総重量": "8.89", "仕上重量": "8.89", "保管場所": "KA9593", "受注番号": "", "受注項番": "", "塗装翻訳": "", "検査区分": "8", "注文数量": "1", "注文番号": "42J93401", "納入場所": "KA9593ﾆｳｹ", "製造指図": "", "部品番号24": "YD40004423A001", "データ区分": "Y55", "データ種別": "HH495", "ポスト区分": "4", "ライン区分": "", "企業コード": "XXXXX", "備付マーク": "X", "原因コード": "", "組織コード": "TA0", "カンバンＮｏ": "", "レコード区分": "1", "不良責任部署": "", "事業所コード": "XXX", "検査区分翻訳": "ﾏﾙﾕｳ", "発注処理区分": "", "発注理由区分": "", "発注種類区分": "", "社内郵便番号": "", "納品書用品名": "ブラケット", "経費依頼者名": "", "保安Ａ部品区分": "0", "サプライヤコード": "E820T2", "サプライヤ正式名": "ダイソウ工業株式会社", "プロジェクトＮｏ": "TA0", "納品書用品名ｶﾅ": "BRACKET", "調達品分野コード": "T3", "C表No/不良通知Ｎｏ": "", "次工程送先/支給先": "", "サプライヤ工場区分": "", "日立品目対応データ": "", "管理区分/貸方事業所": "", "バーコードNo（納品書部）": "T042J9340106", "管理番号/包装ロット１・２": "", "バーコードNo（物流カード部）": "FF42J9340106"}",ERROR,"Missing required fields","2025-12-04 00:38:56","2025-12-04 00:38:56"
563,0001,FIRM,CSV,20251204取込済_E820T1-Y55-251204074545.csv,88,,NULL,NULL,,0.000,"{"M歴": "000", "単位": "7", "図歴": "000", "図番": "YD40004760", "棚番": "", "納期": "20251217", "表歴": "", "防錆": "", "項番": "", "送付No": "1296", "包装１": "", "包装２": "", "納入先": "ﾃｨｴﾗ", "総重量": "11.22", "仕上重量": "5.61", "保管場所": "KA9593", "受注番号": "", "受注項番": "", "塗装翻訳": "", "検査区分": "8", "注文数量": "2", "注文番号": "42J93408", "納入場所": "KA9593ﾆｳｹ", "製造指図": "", "部品番号24": "YD40004760A001", "データ区分": "Y55", "データ種別": "HH495", "ポスト区分": "4", "ライン区分": "", "企業コード": "XXXXX", "備付マーク": "X", "原因コード": "", "組織コード": "TA0", "カンバンＮｏ": "", "レコード区分": "1", "不良責任部署": "", "事業所コード": "XXX", "検査区分翻訳": "ﾏﾙﾕｳ", "発注処理区分": "", "発注理由区分": "", "発注種類区分": "", "社内郵便番号": "", "納品書用品名": "ブラケット", "経費依頼者名": "", "保安Ａ部品区分": "0", "サプライヤコード": "E820T2", "サプライヤ正式名": "ダイソウ工業株式会社", "プロジェクトＮｏ": "TA0", "納品書用品名ｶﾅ": "BRACKET", "調達品分野コード": "T3", "C表No/不良通知Ｎｏ": "", "次工程送先/支給先": "", "サプライヤ工場区分": "", "日立品目対応データ": "", "管理区分/貸方事業所": "", "バーコードNo（納品書部）": "T042J934080D", "管理番号/包装ロット１・２": "", "バーコードNo（物流カード部）": "FF42J934080D"}",ERROR,"Missing required fields","2025-12-04 00:38:56","2025-12-04 00:38:56"
564,0001,FIRM,CSV,20251204取込済_E820T1-Y55-251204074545.csv,89,,NULL,NULL,,0.000,"{"M歴": "001", "単位": "7", "図歴": "004", "図番": "YD40004833", "棚番": "", "納期": "20251217", "表歴": "", "防錆": "", "項番": "", "送付No": "1296", "包装１": "", "包装２": "", "納入先": "ﾃｨｴﾗ", "総重量": "394.8", "仕上重量": "14.1", "保管場所": "KA9515", "受注番号": "", "受注項番": "", "塗装翻訳": "", "検査区分": "8", "注文数量": "28", "注文番号": "42J93428", "納入場所": "KA9515ﾆｳｹ", "製造指図": "", "部品番号24": "YD40004833", "データ区分": "Y55", "データ種別": "HH495", "ポスト区分": "4", "ライン区分": "", "企業コード": "XXXXX", "備付マーク": "X", "原因コード": "", "組織コード": "TA0", "カンバンＮｏ": "", "レコード区分": "1", "不良責任部署": "", "事業所コード": "XXX", "検査区分翻訳": "ﾏﾙﾕｳ", "発注処理区分": "", "発注理由区分": "", "発注種類区分": "", "社内郵便番号": "", "納品書用品名": "ブラケット", "経費依頼者名": "", "保安Ａ部品区分": "0", "サプライヤコード": "E820T2", "サプライヤ正式名": "ダイソウ工業株式会社", "プロジェクトＮｏ": "TA0", "納品書用品名ｶﾅ": "BRACKET", "調達品分野コード": "T3", "C表No/不良通知Ｎｏ": "", "次工程送先/支給先": "", "サプライヤ工場区分": "", "日立品目対応データ": "", "管理区分/貸方事業所": "", "バーコードNo（納品書部）": "T042J934280F", "管理番号/包装ロット１・２": "", "バーコードNo（物流カード部）": "FF42J934280F"}",ERROR,"Missing required fields","2025-12-04 00:38:56","2025-12-04 00:38:56"
565,0001,FIRM,CSV,20251204取込済_E820T1-Y55-251204074545.csv,90,,NULL,NULL,,0.000,"{"M歴": "001", "単位": "7", "図歴": "003", "図番": "YD40002936", "棚番": "", "納期": "20251217", "表歴": "", "防錆": "", "項番": "", "送付No": "1296", "包装１": "", "包装２": "", "納入先": "ﾃｨｴﾗ", "総重量": "5.31", "仕上重量": "1.77", "保管場所": "KA9593", "受注番号": "", "受注項番": "", "塗装翻訳": "", "検査区分": "8", "注文数量": "3", "注文番号": "42J93519", "納入場所": "KA9593ﾆｳｹ", "製造指図": "", "部品番号24": "YD40002936A001", "データ区分": "Y55", "データ種別": "HH495", "ポスト区分": "4", "ライン区分": "", "企業コード": "XXXXX", "備付マーク": "X", "原因コード": "", "組織コード": "TA0", "カンバンＮｏ": "", "レコード区分": "1", "不良責任部署": "", "事業所コード": "XXX", "検査区分翻訳": "ﾏﾙﾕｳ", "発注処理区分": "", "発注理由区分": "", "発注種類区分": "", "社内郵便番号": "", "納品書用品名": "カバー", "経費依頼者名": "", "保安Ａ部品区分": "0", "サプライヤコード": "E820T2", "サプライヤ正式名": "ダイソウ工業株式会社", "プロジェクトＮｏ": "TA0", "納品書用品名ｶﾅ": "COVER", "調達品分野コード": "T3", "C表No/不良通知Ｎｏ": "", "次工程送先/支給先": "", "サプライヤ工場区分": "", "日立品目対応データ": "", "管理区分/貸方事業所": "", "バーコードNo（納品書部）": "T042J935190G", "管理番号/包装ロット１・２": "", "バーコードNo（物流カード部）": "FF42J935190G"}",ERROR,"Missing required fields","2025-12-04 00:38:56","2025-12-04 00:38:56"
566,0001,FIRM,CSV,20251204取込済_E820T1-Y55-251204074545.csv,91,,NULL,NULL,,0.000,"{"M歴": "002", "単位": "7", "図歴": "002", "図番": "YD40003683", "棚番": "", "納期": "20251218", "表歴": "", "防錆": "", "項番": "", "送付No": "1296", "包装１": "", "包装２": "", "納入先": "ﾃｨｴﾗ", "総重量": "", "仕上重量": "", "保管場所": "MP9000", "受注番号": "", "受注項番": "", "塗装翻訳": "", "検査区分": "8", "注文数量": "2", "注文番号": "42J93729", "納入場所": "ｼｶﾞﾆｳｹ", "製造指図": "5C0009868561", "部品番号24": "YD40003683_0010-0010", "データ区分": "Y55", "データ種別": "HH495", "ポスト区分": "4", "ライン区分": "", "企業コード": "XXXXX", "備付マーク": "X", "原因コード": "", "組織コード": "TA0", "カンバンＮｏ": "", "レコード区分": "1", "不良責任部署": "", "事業所コード": "XXX", "検査区分翻訳": "ﾏﾙﾕｳ", "発注処理区分": "", "発注理由区分": "", "発注種類区分": "", "社内郵便番号": "", "納品書用品名": "ブレード", "経費依頼者名": "", "保安Ａ部品区分": "0", "サプライヤコード": "E820T2", "サプライヤ正式名": "ダイソウ工業株式会社", "プロジェクトＮｏ": "TA0", "納品書用品名ｶﾅ": "BLADE", "調達品分野コード": "T3", "C表No/不良通知Ｎｏ": "", "次工程送先/支給先": "", "サプライヤ工場区分": "", "日立品目対応データ": "", "管理区分/貸方事業所": "00100010", "バーコードNo（納品書部）": "T042J937290J", "管理番号/包装ロット１・２": "", "バーコードNo（物流カード部）": "FF42J937290J"}",ERROR,"Missing required fields","2025-12-04 00:38:56","2025-12-04 00:38:56"
567,0001,FIRM,CSV,20251204取込済_E820T1-Y55-251204074545.csv,92,,NULL,NULL,,0.000,"{"M歴": "001", "単位": "7", "図歴": "002", "図番": "YD40003685", "棚番": "", "納期": "20251218", "表歴": "", "防錆": "", "項番": "", "送付No": "1296", "包装１": "", "包装２": "", "納入先": "ﾃｨｴﾗ", "総重量": "", "仕上重量": "", "保管場所": "MP9000", "受注番号": "", "受注項番": "", "塗装翻訳": "", "検査区分": "8", "注文数量": "2", "注文番号": "42J93736", "納入場所": "ｼｶﾞﾆｳｹ", "製造指図": "5C0009868563", "部品番号24": "YD40003685_0010-0010", "データ区分": "Y55", "データ種別": "HH495", "ポスト区分": "4", "ライン区分": "", "企業コード": "XXXXX", "備付マーク": "X", "原因コード": "", "組織コード": "TA0", "カンバンＮｏ": "", "レコード区分": "1", "不良責任部署": "", "事業所コード": "XXX", "検査区分翻訳": "ﾏﾙﾕｳ", "発注処理区分": "", "発注理由区分": "", "発注種類区分": "", "社内郵便番号": "", "納品書用品名": "ブレード", "経費依頼者名": "", "保安Ａ部品区分": "3", "サプライヤコード": "E820T2", "サプライヤ正式名": "ダイソウ工業株式会社", "プロジェクトＮｏ": "TA0", "納品書用品名ｶﾅ": "BLADE", "調達品分野コード": "T3", "C表No/不良通知Ｎｏ": "", "次工程送先/支給先": "", "サプライヤ工場区分": "", "日立品目対応データ": "", "管理区分/貸方事業所": "00100010", "バーコードNo（納品書部）": "T042J937360H", "管理番号/包装ロット１・２": "", "バーコードNo（物流カード部）": "FF42J937360H"}",ERROR,"Missing required fields","2025-12-04 00:38:56","2025-12-04 00:38:56"
568,0001,FIRM,CSV,20251204取込済_E820T1-Y55-251204074545.csv,93,,NULL,NULL,,0.000,"{"M歴": "001", "単位": "7", "図歴": "001", "図番": "YD40006741", "棚番": "", "納期": "20251217", "表歴": "", "防錆": "", "項番": "", "送付No": "1296", "包装１": "", "包装２": "", "納入先": "ﾃｨｴﾗ", "総重量": "1.932", "仕上重量": "0.644", "保管場所": "210445", "受注番号": "", "受注項番": "", "塗装翻訳": "", "検査区分": "8", "注文数量": "3", "注文番号": "42J93825", "納入場所": "SCMｿｳｺﾆｳｹ", "製造指図": "", "部品番号24": "YD40006741", "データ区分": "Y55", "データ種別": "HH495", "ポスト区分": "4", "ライン区分": "", "企業コード": "XXXXX", "備付マーク": "X", "原因コード": "", "組織コード": "TA0", "カンバンＮｏ": "", "レコード区分": "1", "不良責任部署": "", "事業所コード": "XXX", "検査区分翻訳": "ﾏﾙﾕｳ", "発注処理区分": "", "発注理由区分": "", "発注種類区分": "", "社内郵便番号": "", "納品書用品名": "ブラケット", "経費依頼者名": "", "保安Ａ部品区分": "0", "サプライヤコード": "E820T2", "サプライヤ正式名": "ダイソウ工業株式会社", "プロジェクトＮｏ": "TA0", "納品書用品名ｶﾅ": "BRACKET", "調達品分野コード": "T3", "C表No/不良通知Ｎｏ": "", "次工程送先/支給先": "", "サプライヤ工場区分": "", "日立品目対応データ": "", "管理区分/貸方事業所": "", "バーコードNo（納品書部）": "T042J938250G", "管理番号/包装ロット１・２": "", "バーコードNo（物流カード部）": "FF42J938250G"}",ERROR,"Missing required fields","2025-12-04 00:38:56","2025-12-04 00:38:56"
569,0001,FIRM,CSV,20251204取込済_E820T1-Y55-251204074545.csv,94,,NULL,NULL,,0.000,"{"M歴": "005", "単位": "7", "図歴": "005", "図番": "YD40006842", "棚番": "", "納期": "20251217", "表歴": "", "防錆": "", "項番": "", "送付No": "1296", "包装１": "", "包装２": "", "納入先": "ﾃｨｴﾗ", "総重量": "141.4", "仕上重量": "70.7", "保管場所": "KA9699", "受注番号": "", "受注項番": "", "塗装翻訳": "", "検査区分": "8", "注文数量": "2", "注文番号": "42J93855", "納入場所": "KA9699ﾆｳｹ", "製造指図": "", "部品番号24": "YD40006842A001", "データ区分": "Y55", "データ種別": "HH495", "ポスト区分": "4", "ライン区分": "", "企業コード": "XXXXX", "備付マーク": "X", "原因コード": "", "組織コード": "TA0", "カンバンＮｏ": "", "レコード区分": "1", "不良責任部署": "", "事業所コード": "XXX", "検査区分翻訳": "ﾏﾙﾕｳ", "発注処理区分": "", "発注理由区分": "", "発注種類区分": "", "社内郵便番号": "", "納品書用品名": "フロア", "経費依頼者名": "", "保安Ａ部品区分": "3", "サプライヤコード": "E820T2", "サプライヤ正式名": "ダイソウ工業株式会社", "プロジェクトＮｏ": "TA0", "納品書用品名ｶﾅ": "FLOOR", "調達品分野コード": "T3", "C表No/不良通知Ｎｏ": "", "次工程送先/支給先": "", "サプライヤ工場区分": "", "日立品目対応データ": "", "管理区分/貸方事業所": "", "バーコードNo（納品書部）": "T042J938550J", "管理番号/包装ロット１・２": "", "バーコードNo（物流カード部）": "FF42J938550J"}",ERROR,"Missing required fields","2025-12-04 00:38:56","2025-12-04 00:38:56"
570,0001,FIRM,CSV,20251204取込済_E820T1-Y55-251204074545.csv,95,,NULL,NULL,,0.000,"{"M歴": "006", "単位": "7", "図歴": "006", "図番": "YD40006245", "棚番": "", "納期": "20251217", "表歴": "", "防錆": "", "項番": "", "送付No": "1296", "包装１": "", "包装２": "", "納入先": "ﾃｨｴﾗ", "総重量": "2383.4", "仕上重量": "70.1", "保管場所": "KA9699", "受注番号": "", "受注項番": "", "塗装翻訳": "", "検査区分": "8", "注文数量": "34", "注文番号": "42J93859", "納入場所": "KA9699ﾆｳｹ", "製造指図": "", "部品番号24": "YD40006245A001", "データ区分": "Y55", "データ種別": "HH495", "ポスト区分": "4", "ライン区分": "", "企業コード": "XXXXX", "備付マーク": "X", "原因コード": "", "組織コード": "TA0", "カンバンＮｏ": "", "レコード区分": "1", "不良責任部署": "", "事業所コード": "XXX", "検査区分翻訳": "ﾏﾙﾕｳ", "発注処理区分": "", "発注理由区分": "", "発注種類区分": "", "社内郵便番号": "", "納品書用品名": "フロア", "経費依頼者名": "", "保安Ａ部品区分": "3", "サプライヤコード": "E820T2", "サプライヤ正式名": "ダイソウ工業株式会社", "プロジェクトＮｏ": "TA0", "納品書用品名ｶﾅ": "FLOOR", "調達品分野コード": "T3", "C表No/不良通知Ｎｏ": "", "次工程送先/支給先": "", "サプライヤ工場区分": "", "日立品目対応データ": "", "管理区分/貸方事業所": "", "バーコードNo（納品書部）": "T042J938590N", "管理番号/包装ロット１・２": "", "バーコードNo（物流カード部）": "FF42J938590N"}",ERROR,"Missing required fields","2025-12-04 00:38:56","2025-12-04 00:38:56"
571,0001,FIRM,CSV,20251204取込済_E820T1-Y55-251204074545.csv,96,,NULL,NULL,,0.000,"{"M歴": "001", "単位": "7", "図歴": "003", "図番": "YD40004834", "棚番": "", "納期": "20251217", "表歴": "", "防錆": "", "項番": "", "送付No": "1296", "包装１": "", "包装２": "", "納入先": "ﾃｨｴﾗ", "総重量": "14.8", "仕上重量": "14.8", "保管場所": "KA9515", "受注番号": "", "受注項番": "", "塗装翻訳": "", "検査区分": "8", "注文数量": "1", "注文番号": "42J93963", "納入場所": "KA9515ﾆｳｹ", "製造指図": "", "部品番号24": "YD40004834", "データ区分": "Y55", "データ種別": "HH495", "ポスト区分": "4", "ライン区分": "", "企業コード": "XXXXX", "備付マーク": "X", "原因コード": "", "組織コード": "TA0", "カンバンＮｏ": "", "レコード区分": "1", "不良責任部署": "", "事業所コード": "XXX", "検査区分翻訳": "ﾏﾙﾕｳ", "発注処理区分": "", "発注理由区分": "", "発注種類区分": "", "社内郵便番号": "", "納品書用品名": "ブラケット", "経費依頼者名": "", "保安Ａ部品区分": "0", "サプライヤコード": "E820T2", "サプライヤ正式名": "ダイソウ工業株式会社", "プロジェクトＮｏ": "TA0", "納品書用品名ｶﾅ": "BRACKET", "調達品分野コード": "T3", "C表No/不良通知Ｎｏ": "", "次工程送先/支給先": "", "サプライヤ工場区分": "", "日立品目対応データ": "", "管理区分/貸方事業所": "", "バーコードNo（納品書部）": "T042J939630J", "管理番号/包装ロット１・２": "", "バーコードNo（物流カード部）": "FF42J939630J"}",ERROR,"Missing required fields","2025-12-04 00:38:56","2025-12-04 00:38:56"
572,0001,FIRM,CSV,20251204取込済_E820T1-Y55-251204074545.csv,97,,NULL,NULL,,0.000,"{"M歴": "002", "単位": "7", "図歴": "002", "図番": "YD40007231", "棚番": "", "納期": "20251217", "表歴": "", "防錆": "", "項番": "", "送付No": "1296", "包装１": "", "包装２": "", "納入先": "ﾃｨｴﾗ", "総重量": "22.48", "仕上重量": "22.48", "保管場所": "KA9593", "受注番号": "", "受注項番": "", "塗装翻訳": "", "検査区分": "8", "注文数量": "1", "注文番号": "42J93992", "納入場所": "KA9593ﾆｳｹ", "製造指図": "", "部品番号24": "YD40007231A001", "データ区分": "Y55", "データ種別": "HH495", "ポスト区分": "4", "ライン区分": "", "企業コード": "XXXXX", "備付マーク": "X", "原因コード": "", "組織コード": "TA0", "カンバンＮｏ": "", "レコード区分": "1", "不良責任部署": "", "事業所コード": "XXX", "検査区分翻訳": "ﾏﾙﾕｳ", "発注処理区分": "", "発注理由区分": "", "発注種類区分": "", "社内郵便番号": "", "納品書用品名": "スタンド", "経費依頼者名": "", "保安Ａ部品区分": "0", "サプライヤコード": "E820T2", "サプライヤ正式名": "ダイソウ工業株式会社", "プロジェクトＮｏ": "TA0", "納品書用品名ｶﾅ": "STAND", "調達品分野コード": "T3", "C表No/不良通知Ｎｏ": "", "次工程送先/支給先": "", "サプライヤ工場区分": "", "日立品目対応データ": "", "管理区分/貸方事業所": "", "バーコードNo（納品書部）": "T042J939920L", "管理番号/包装ロット１・２": "", "バーコードNo（物流カード部）": "FF42J939920L"}",ERROR,"Missing required fields","2025-12-04 00:38:56","2025-12-04 00:38:56"
573,0001,FIRM,CSV,20251204取込済_E820T1-Y55-251204074545.csv,98,,NULL,NULL,,0.000,"{"M歴": "000", "単位": "7", "図歴": "001", "図番": "YD40005033", "棚番": "", "納期": "20251217", "表歴": "", "防錆": "", "項番": "", "送付No": "1296", "包装１": "", "包装２": "", "納入先": "ﾃｨｴﾗ", "総重量": "5.876", "仕上重量": "0.452", "保管場所": "109225", "受注番号": "", "受注項番": "", "塗装翻訳": "", "検査区分": "8", "注文数量": "13", "注文番号": "42J94075", "納入場所": "SCMｿｳｺﾆｳｹ", "製造指図": "", "部品番号24": "YD40005033", "データ区分": "Y55", "データ種別": "HH495", "ポスト区分": "4", "ライン区分": "", "企業コード": "XXXXX", "備付マーク": "X", "原因コード": "", "組織コード": "TA0", "カンバンＮｏ": "", "レコード区分": "1", "不良責任部署": "", "事業所コード": "XXX", "検査区分翻訳": "ﾏﾙﾕｳ", "発注処理区分": "", "発注理由区分": "", "発注種類区分": "", "社内郵便番号": "", "納品書用品名": "カバー", "経費依頼者名": "", "保安Ａ部品区分": "0", "サプライヤコード": "E820T2", "サプライヤ正式名": "ダイソウ工業株式会社", "プロジェクトＮｏ": "TA0", "納品書用品名ｶﾅ": "COVER", "調達品分野コード": "T3", "C表No/不良通知Ｎｏ": "", "次工程送先/支給先": "", "サプライヤ工場区分": "", "日立品目対応データ": "", "管理区分/貸方事業所": "", "バーコードNo（納品書部）": "T042J940750E", "管理番号/包装ロット１・２": "", "バーコードNo（物流カード部）": "FF42J940750E"}",ERROR,"Missing required fields","2025-12-04 00:38:56","2025-12-04 00:38:56"
574,0001,FIRM,CSV,20251204取込済_E820T1-Y55-251204074545.csv,99,,NULL,NULL,,0.000,"{"M歴": "003", "単位": "7", "図歴": "003", "図番": "YD40006851", "棚番": "", "納期": "20251217", "表歴": "", "防錆": "", "項番": "", "送付No": "1296", "包装１": "", "包装２": "", "納入先": "ﾃｨｴﾗ", "総重量": "8.88", "仕上重量": "2.96", "保管場所": "KA9593", "受注番号": "", "受注項番": "", "塗装翻訳": "", "検査区分": "8", "注文数量": "3", "注文番号": "42J94305", "納入場所": "KA9593ﾆｳｹ", "製造指図": "", "部品番号24": "YD40006851A001", "データ区分": "Y55", "データ種別": "HH495", "ポスト区分": "4", "ライン区分": "", "企業コード": "XXXXX", "備付マーク": "X", "原因コード": "", "組織コード": "TA0", "カンバンＮｏ": "", "レコード区分": "1", "不良責任部署": "", "事業所コード": "XXX", "検査区分翻訳": "ﾏﾙﾕｳ", "発注処理区分": "", "発注理由区分": "", "発注種類区分": "", "社内郵便番号": "", "納品書用品名": "カバー", "経費依頼者名": "", "保安Ａ部品区分": "0", "サプライヤコード": "E820T2", "サプライヤ正式名": "ダイソウ工業株式会社", "プロジェクトＮｏ": "TA0", "納品書用品名ｶﾅ": "COVER", "調達品分野コード": "T3", "C表No/不良通知Ｎｏ": "", "次工程送先/支給先": "", "サプライヤ工場区分": "", "日立品目対応データ": "", "管理区分/貸方事業所": "", "バーコードNo（納品書部）": "T042J943050A", "管理番号/包装ロット１・２": "", "バーコードNo（物流カード部）": "FF42J943050A"}",ERROR,"Missing required fields","2025-12-04 00:38:56","2025-12-04 00:38:56"
575,0001,FIRM,CSV,20251204取込済_E820T1-Y55-251204074545.csv,100,,NULL,NULL,,0.000,"{"M歴": "000", "単位": "7", "図歴": "000", "図番": "YD40001881", "棚番": "", "納期": "20251217", "表歴": "", "防錆": "", "項番": "", "送付No": "1296", "包装１": "", "包装２": "", "納入先": "ﾃｨｴﾗ", "総重量": "21.1", "仕上重量": "21.1", "保管場所": "KA9593", "受注番号": "", "受注項番": "", "塗装翻訳": "", "検査区分": "8", "注文数量": "1", "注文番号": "42J94655", "納入場所": "KA9593ﾆｳｹ", "製造指図": "", "部品番号24": "YD40001881A001", "データ区分": "Y55", "データ種別": "HH495", "ポスト区分": "4", "ライン区分": "", "企業コード": "XXXXX", "備付マーク": "X", "原因コード": "", "組織コード": "TA0", "カンバンＮｏ": "", "レコード区分": "1", "不良責任部署": "", "事業所コード": "XXX", "検査区分翻訳": "ﾏﾙﾕｳ", "発注処理区分": "", "発注理由区分": "", "発注種類区分": "", "社内郵便番号": "", "納品書用品名": "ボックス", "経費依頼者名": "", "保安Ａ部品区分": "0", "サプライヤコード": "E820T2", "サプライヤ正式名": "ダイソウ工業株式会社", "プロジェクトＮｏ": "TA0", "納品書用品名ｶﾅ": "BOX", "調達品分野コード": "T3", "C表No/不良通知Ｎｏ": "", "次工程送先/支給先": "", "サプライヤ工場区分": "", "日立品目対応データ": "", "管理区分/貸方事業所": "", "バーコードNo（納品書部）": "T042J946550I", "管理番号/包装ロット１・２": "", "バーコードNo（物流カード部）": "FF42J946550I"}",ERROR,"Missing required fields","2025-12-04 00:38:56","2025-12-04 00:38:56"
576,0001,FIRM,CSV,20251204取込済_E820T1-Y55-251204074545.csv,101,,NULL,NULL,,0.000,"{"M歴": "003", "単位": "7", "図歴": "003", "図番": "YD40007287", "棚番": "", "納期": "20251217", "表歴": "", "防錆": "", "項番": "", "送付No": "1296", "包装１": "", "包装２": "", "納入先": "ﾃｨｴﾗ", "総重量": "11.9", "仕上重量": "11.9", "保管場所": "KA9593", "受注番号": "", "受注項番": "", "塗装翻訳": "", "検査区分": "8", "注文数量": "1", "注文番号": "42J94895", "納入場所": "KA9593ﾆｳｹ", "製造指図": "", "部品番号24": "YD40007287A001", "データ区分": "Y55", "データ種別": "HH495", "ポスト区分": "4", "ライン区分": "", "企業コード": "XXXXX", "備付マーク": "X", "原因コード": "", "組織コード": "TA0", "カンバンＮｏ": "", "レコード区分": "1", "不良責任部署": "", "事業所コード": "XXX", "検査区分翻訳": "ﾏﾙﾕｳ", "発注処理区分": "", "発注理由区分": "", "発注種類区分": "", "社内郵便番号": "", "納品書用品名": "スタンド", "経費依頼者名": "", "保安Ａ部品区分": "0", "サプライヤコード": "E820T2", "サプライヤ正式名": "ダイソウ工業株式会社", "プロジェクトＮｏ": "TA0", "納品書用品名ｶﾅ": "STAND", "調達品分野コード": "T3", "C表No/不良通知Ｎｏ": "", "次工程送先/支給先": "", "サプライヤ工場区分": "", "日立品目対応データ": "", "管理区分/貸方事業所": "", "バーコードNo（納品書部）": "T042J948950O", "管理番号/包装ロット１・２": "", "バーコードNo（物流カード部）": "FF42J948950O"}",ERROR,"Missing required fields","2025-12-04 00:38:56","2025-12-04 00:38:56"
577,0001,FIRM,CSV,20251204取込済_E820T1-Y55-251204074545.csv,102,,NULL,NULL,,0.000,"{"M歴": "000", "単位": "7", "図歴": "004", "図番": "YD40002974", "棚番": "", "納期": "20251217", "表歴": "", "防錆": "", "項番": "", "送付No": "1296", "包装１": "", "包装２": "", "納入先": "ﾃｨｴﾗ", "総重量": "9.11", "仕上重量": "9.11", "保管場所": "KA9593", "受注番号": "", "受注項番": "", "塗装翻訳": "", "検査区分": "8", "注文数量": "1", "注文番号": "42J94929", "納入場所": "KA9593ﾆｳｹ", "製造指図": "", "部品番号24": "YD40002974A001", "データ区分": "Y55", "データ種別": "HH495", "ポスト区分": "4", "ライン区分": "", "企業コード": "XXXXX", "備付マーク": "X", "原因コード": "", "組織コード": "TA0", "カンバンＮｏ": "", "レコード区分": "1", "不良責任部署": "", "事業所コード": "XXX", "検査区分翻訳": "ﾏﾙﾕｳ", "発注処理区分": "", "発注理由区分": "", "発注種類区分": "", "社内郵便番号": "", "納品書用品名": "カバー", "経費依頼者名": "", "保安Ａ部品区分": "0", "サプライヤコード": "E820T2", "サプライヤ正式名": "ダイソウ工業株式会社", "プロジェクトＮｏ": "TA0", "納品書用品名ｶﾅ": "COVER", "調達品分野コード": "T3", "C表No/不良通知Ｎｏ": "", "次工程送先/支給先": "", "サプライヤ工場区分": "", "日立品目対応データ": "", "管理区分/貸方事業所": "", "バーコードNo（納品書部）": "T042J949290M", "管理番号/包装ロット１・２": "", "バーコードNo（物流カード部）": "FF42J949290M"}",ERROR,"Missing required fields","2025-12-04 00:38:56","2025-12-04 00:38:56"
578,0001,FIRM,CSV,20251204取込済_E820T1-Y55-251204074545.csv,103,,NULL,NULL,,0.000,"{"M歴": "001", "単位": "7", "図歴": "001", "図番": "YD40006236", "棚番": "", "納期": "20251217", "表歴": "", "防錆": "", "項番": "", "送付No": "1296", "包装１": "", "包装２": "", "納入先": "ﾃｨｴﾗ", "総重量": "19.776", "仕上重量": "0.824", "保管場所": "KA9593", "受注番号": "", "受注項番": "", "塗装翻訳": "", "検査区分": "8", "注文数量": "24", "注文番号": "42J95062", "納入場所": "KA9593ﾆｳｹ", "製造指図": "", "部品番号24": "YD40006236A001", "データ区分": "Y55", "データ種別": "HH495", "ポスト区分": "4", "ライン区分": "", "企業コード": "XXXXX", "備付マーク": "X", "原因コード": "", "組織コード": "TA0", "カンバンＮｏ": "", "レコード区分": "1", "不良責任部署": "", "事業所コード": "XXX", "検査区分翻訳": "ﾏﾙﾕｳ", "発注処理区分": "", "発注理由区分": "", "発注種類区分": "", "社内郵便番号": "", "納品書用品名": "カバー", "経費依頼者名": "", "保安Ａ部品区分": "0", "サプライヤコード": "E820T2", "サプライヤ正式名": "ダイソウ工業株式会社", "プロジェクトＮｏ": "TA0", "納品書用品名ｶﾅ": "COVER", "調達品分野コード": "T3", "C表No/不良通知Ｎｏ": "", "次工程送先/支給先": "", "サプライヤ工場区分": "", "日立品目対応データ": "", "管理区分/貸方事業所": "", "バーコードNo（納品書部）": "T042J950620B", "管理番号/包装ロット１・２": "", "バーコードNo（物流カード部）": "FF42J950620B"}",ERROR,"Missing required fields","2025-12-04 00:38:56","2025-12-04 00:38:56"
579,0001,FIRM,CSV,20251204取込済_E820T1-Y55-251204074545.csv,104,,NULL,NULL,,0.000,"{"M歴": "001", "単位": "7", "図歴": "002", "図番": "YD40006820", "棚番": "", "納期": "20251217", "表歴": "", "防錆": "", "項番": "", "送付No": "1296", "包装１": "", "包装２": "", "納入先": "ﾃｨｴﾗ", "総重量": "6.54", "仕上重量": "1.09", "保管場所": "KA9593", "受注番号": "", "受注項番": "", "塗装翻訳": "", "検査区分": "8", "注文数量": "6", "注文番号": "42J95508", "納入場所": "KA9593ﾆｳｹ", "製造指図": "", "部品番号24": "YD40006820A001", "データ区分": "Y55", "データ種別": "HH495", "ポスト区分": "4", "ライン区分": "", "企業コード": "XXXXX", "備付マーク": "X", "原因コード": "", "組織コード": "TA0", "カンバンＮｏ": "", "レコード区分": "1", "不良責任部署": "", "事業所コード": "XXX", "検査区分翻訳": "ﾏﾙﾕｳ", "発注処理区分": "", "発注理由区分": "", "発注種類区分": "", "社内郵便番号": "", "納品書用品名": "カバー", "経費依頼者名": "", "保安Ａ部品区分": "0", "サプライヤコード": "E820T2", "サプライヤ正式名": "ダイソウ工業株式会社", "プロジェクトＮｏ": "TA0", "納品書用品名ｶﾅ": "COVER", "調達品分野コード": "T3", "C表No/不良通知Ｎｏ": "", "次工程送先/支給先": "", "サプライヤ工場区分": "", "日立品目対応データ": "", "管理区分/貸方事業所": "", "バーコードNo（納品書部）": "T042J955080G", "管理番号/包装ロット１・２": "", "バーコードNo（物流カード部）": "FF42J955080G"}",ERROR,"Missing required fields","2025-12-04 00:38:56","2025-12-04 00:38:56"
580,0001,FIRM,CSV,20251204取込済_E820T1-Y55-251204074545.csv,105,,NULL,NULL,,0.000,"{"M歴": "003", "単位": "7", "図歴": "003", "図番": "YD40006821", "棚番": "", "納期": "20251217", "表歴": "", "防錆": "", "項番": "", "送付No": "1296", "包装１": "", "包装２": "", "納入先": "ﾃｨｴﾗ", "総重量": "2.97", "仕上重量": "2.97", "保管場所": "KA9593", "受注番号": "", "受注項番": "", "塗装翻訳": "", "検査区分": "8", "注文数量": "1", "注文番号": "42J95518", "納入場所": "KA9593ﾆｳｹ", "製造指図": "", "部品番号24": "YD40006821A001", "データ区分": "Y55", "データ種別": "HH495", "ポスト区分": "4", "ライン区分": "", "企業コード": "XXXXX", "備付マーク": "X", "原因コード": "", "組織コード": "TA0", "カンバンＮｏ": "", "レコード区分": "1", "不良責任部署": "", "事業所コード": "XXX", "検査区分翻訳": "ﾏﾙﾕｳ", "発注処理区分": "", "発注理由区分": "", "発注種類区分": "", "社内郵便番号": "", "納品書用品名": "カバー", "経費依頼者名": "", "保安Ａ部品区分": "0", "サプライヤコード": "E820T2", "サプライヤ正式名": "ダイソウ工業株式会社", "プロジェクトＮｏ": "TA0", "納品書用品名ｶﾅ": "COVER", "調達品分野コード": "T3", "C表No/不良通知Ｎｏ": "", "次工程送先/支給先": "", "サプライヤ工場区分": "", "日立品目対応データ": "", "管理区分/貸方事業所": "", "バーコードNo（納品書部）": "T042J955180H", "管理番号/包装ロット１・２": "", "バーコードNo（物流カード部）": "FF42J955180H"}",ERROR,"Missing required fields","2025-12-04 00:38:56","2025-12-04 00:38:56"
581,0001,FIRM,CSV,20251204取込済_E820T1-Y55-251204074545.csv,106,,NULL,NULL,,0.000,"{"M歴": "003", "単位": "7", "図歴": "003", "図番": "YD40006630", "棚番": "", "納期": "20251217", "表歴": "", "防錆": "", "項番": "", "送付No": "1296", "包装１": "", "包装２": "", "納入先": "ﾃｨｴﾗ", "総重量": "140.4", "仕上重量": "70.2", "保管場所": "KA9699", "受注番号": "", "受注項番": "", "塗装翻訳": "", "検査区分": "8", "注文数量": "2", "注文番号": "42J96173", "納入場所": "KA9699ﾆｳｹ", "製造指図": "", "部品番号24": "YD40006630A001", "データ区分": "Y55", "データ種別": "HH495", "ポスト区分": "4", "ライン区分": "", "企業コード": "XXXXX", "備付マーク": "X", "原因コード": "", "組織コード": "TA0", "カンバンＮｏ": "", "レコード区分": "1", "不良責任部署": "", "事業所コード": "XXX", "検査区分翻訳": "ﾏﾙﾕｳ", "発注処理区分": "", "発注理由区分": "", "発注種類区分": "", "社内郵便番号": "", "納品書用品名": "フロア", "経費依頼者名": "", "保安Ａ部品区分": "3", "サプライヤコード": "E820T2", "サプライヤ正式名": "ダイソウ工業株式会社", "プロジェクトＮｏ": "TA0", "納品書用品名ｶﾅ": "FLOOR", "調達品分野コード": "T3", "C表No/不良通知Ｎｏ": "", "次工程送先/支給先": "", "サプライヤ工場区分": "", "日立品目対応データ": "", "管理区分/貸方事業所": "", "バーコードNo（納品書部）": "T042J961730F", "管理番号/包装ロット１・２": "", "バーコードNo（物流カード部）": "FF42J961730F"}",ERROR,"Missing required fields","2025-12-04 00:38:56","2025-12-04 00:38:56"
582,0001,FIRM,CSV,20251204取込済_E820T1-Y55-251204074545.csv,107,,NULL,NULL,,0.000,"{"M歴": "003", "単位": "7", "図歴": "003", "図番": "YD40006630", "棚番": "", "納期": "20251217", "表歴": "", "防錆": "", "項番": "", "送付No": "1296", "包装１": "", "包装２": "", "納入先": "ﾃｨｴﾗ", "総重量": "140.4", "仕上重量": "70.2", "保管場所": "KA9699", "受注番号": "", "受注項番": "", "塗装翻訳": "", "検査区分": "8", "注文数量": "2", "注文番号": "42J96177", "納入場所": "KA9699ﾆｳｹ", "製造指図": "", "部品番号24": "YD40006630A001", "データ区分": "Y55", "データ種別": "HH495", "ポスト区分": "4", "ライン区分": "", "企業コード": "XXXXX", "備付マーク": "X", "原因コード": "", "組織コード": "TA0", "カンバンＮｏ": "", "レコード区分": "1", "不良責任部署": "", "事業所コード": "XXX", "検査区分翻訳": "ﾏﾙﾕｳ", "発注処理区分": "", "発注理由区分": "", "発注種類区分": "", "社内郵便番号": "", "納品書用品名": "フロア", "経費依頼者名": "", "保安Ａ部品区分": "3", "サプライヤコード": "E820T2", "サプライヤ正式名": "ダイソウ工業株式会社", "プロジェクトＮｏ": "TA0", "納品書用品名ｶﾅ": "FLOOR", "調達品分野コード": "T3", "C表No/不良通知Ｎｏ": "", "次工程送先/支給先": "", "サプライヤ工場区分": "", "日立品目対応データ": "", "管理区分/貸方事業所": "", "バーコードNo（納品書部）": "T042J961770J", "管理番号/包装ロット１・２": "", "バーコードNo（物流カード部）": "FF42J961770J"}",ERROR,"Missing required fields","2025-12-04 00:38:56","2025-12-04 00:38:56"
583,0001,FIRM,CSV,20251204取込済_E820T1-Y55-251204074545.csv,108,,NULL,NULL,,0.000,"{"M歴": "003", "単位": "7", "図歴": "003", "図番": "YD40006630", "棚番": "", "納期": "20251217", "表歴": "", "防錆": "", "項番": "", "送付No": "1296", "包装１": "", "包装２": "", "納入先": "ﾃｨｴﾗ", "総重量": "140.4", "仕上重量": "70.2", "保管場所": "KA9699", "受注番号": "", "受注項番": "", "塗装翻訳": "", "検査区分": "8", "注文数量": "2", "注文番号": "42J96183", "納入場所": "KA9699ﾆｳｹ", "製造指図": "", "部品番号24": "YD40006630A001", "データ区分": "Y55", "データ種別": "HH495", "ポスト区分": "4", "ライン区分": "", "企業コード": "XXXXX", "備付マーク": "X", "原因コード": "", "組織コード": "TA0", "カンバンＮｏ": "", "レコード区分": "1", "不良責任部署": "", "事業所コード": "XXX", "検査区分翻訳": "ﾏﾙﾕｳ", "発注処理区分": "", "発注理由区分": "", "発注種類区分": "", "社内郵便番号": "", "納品書用品名": "フロア", "経費依頼者名": "", "保安Ａ部品区分": "3", "サプライヤコード": "E820T2", "サプライヤ正式名": "ダイソウ工業株式会社", "プロジェクトＮｏ": "TA0", "納品書用品名ｶﾅ": "FLOOR", "調達品分野コード": "T3", "C表No/不良通知Ｎｏ": "", "次工程送先/支給先": "", "サプライヤ工場区分": "", "日立品目対応データ": "", "管理区分/貸方事業所": "", "バーコードNo（納品書部）": "T042J961830G", "管理番号/包装ロット１・２": "", "バーコードNo（物流カード部）": "FF42J961830G"}",ERROR,"Missing required fields","2025-12-04 00:38:56","2025-12-04 00:38:56"
584,0001,FIRM,CSV,20251204取込済_E820T1-Y55-251204074545.csv,109,,NULL,NULL,,0.000,"{"M歴": "000", "単位": "7", "図歴": "002", "図番": "YD40000479", "棚番": "", "納期": "20251217", "表歴": "", "防錆": "", "項番": "", "送付No": "1296", "包装１": "", "包装２": "", "納入先": "ﾃｨｴﾗ", "総重量": "2.8", "仕上重量": "0.14", "保管場所": "104247", "受注番号": "", "受注項番": "", "塗装翻訳": "", "検査区分": "8", "注文数量": "20", "注文番号": "42J96282", "納入場所": "SCMｿｳｺﾆｳｹ", "製造指図": "", "部品番号24": "YD40000479", "データ区分": "Y55", "データ種別": "HH495", "ポスト区分": "4", "ライン区分": "", "企業コード": "XXXXX", "備付マーク": "X", "原因コード": "", "組織コード": "TA0", "カンバンＮｏ": "", "レコード区分": "1", "不良責任部署": "", "事業所コード": "XXX", "検査区分翻訳": "ﾏﾙﾕｳ", "発注処理区分": "", "発注理由区分": "", "発注種類区分": "", "社内郵便番号": "", "納品書用品名": "ブラケット", "経費依頼者名": "", "保安Ａ部品区分": "0", "サプライヤコード": "E820T2", "サプライヤ正式名": "ダイソウ工業株式会社", "プロジェクトＮｏ": "TA0", "納品書用品名ｶﾅ": "BRACKET", "調達品分野コード": "T3", "C表No/不良通知Ｎｏ": "", "次工程送先/支給先": "", "サプライヤ工場区分": "", "日立品目対応データ": "", "管理区分/貸方事業所": "", "バーコードNo（納品書部）": "T042J962820G", "管理番号/包装ロット１・２": "", "バーコードNo（物流カード部）": "FF42J962820G"}",ERROR,"Missing required fields","2025-12-04 00:38:56","2025-12-04 00:38:56"
585,0001,FIRM,CSV,20251204取込済_E820T1-Y55-251204074545.csv,110,,NULL,NULL,,0.000,"{"M歴": "000", "単位": "7", "図歴": "004", "図番": "YD40002457", "棚番": "", "納期": "20251218", "表歴": "", "防錆": "", "項番": "", "送付No": "1296", "包装１": "", "包装２": "", "納入先": "ﾃｨｴﾗ", "総重量": "", "仕上重量": "", "保管場所": "MP9000", "受注番号": "", "受注項番": "", "塗装翻訳": "", "検査区分": "8", "注文数量": "5", "注文番号": "42J96830", "納入場所": "ｼｶﾞﾆｳｹ", "製造指図": "5C0009867491", "部品番号24": "YD40002457_0010-0010", "データ区分": "Y55", "データ種別": "HH495", "ポスト区分": "4", "ライン区分": "", "企業コード": "XXXXX", "備付マーク": "X", "原因コード": "", "組織コード": "TA0", "カンバンＮｏ": "", "レコード区分": "1", "不良責任部署": "", "事業所コード": "XXX", "検査区分翻訳": "ﾏﾙﾕｳ", "発注処理区分": "", "発注理由区分": "", "発注種類区分": "", "社内郵便番号": "", "納品書用品名": "ブレード", "経費依頼者名": "", "保安Ａ部品区分": "3", "サプライヤコード": "E820T2", "サプライヤ正式名": "ダイソウ工業株式会社", "プロジェクトＮｏ": "TA0", "納品書用品名ｶﾅ": "BLADE", "調達品分野コード": "T3", "C表No/不良通知Ｎｏ": "", "次工程送先/支給先": "", "サプライヤ工場区分": "", "日立品目対応データ": "", "管理区分/貸方事業所": "00100010", "バーコードNo（納品書部）": "T042J968300F", "管理番号/包装ロット１・２": "", "バーコードNo（物流カード部）": "FF42J968300F"}",ERROR,"Missing required fields","2025-12-04 00:38:56","2025-12-04 00:38:56"
586,0001,FIRM,CSV,20251204取込済_E820T1-Y55-251204074545.csv,111,,NULL,NULL,,0.000,"{"M歴": "005", "単位": "7", "図歴": "004", "図番": "YD60009848", "棚番": "", "納期": "20251218", "表歴": "002", "防錆": "", "項番": "", "送付No": "1296", "包装１": "", "包装２": "", "納入先": "ﾃｨｴﾗ", "総重量": "", "仕上重量": "", "保管場所": "MP9000", "受注番号": "", "受注項番": "", "塗装翻訳": "", "検査区分": "8", "注文数量": "1", "注文番号": "42J96844", "納入場所": "ｼｶﾞﾆｳｹ", "製造指図": "5C0009871186", "部品番号24": "YD60009848A002_0010-0010", "データ区分": "Y55", "データ種別": "HH495", "ポスト区分": "4", "ライン区分": "", "企業コード": "XXXXX", "備付マーク": "X", "原因コード": "", "組織コード": "TA0", "カンバンＮｏ": "", "レコード区分": "1", "不良責任部署": "", "事業所コード": "XXX", "検査区分翻訳": "ﾏﾙﾕｳ", "発注処理区分": "", "発注理由区分": "", "発注種類区分": "", "社内郵便番号": "", "納品書用品名": "タンク；オイル", "経費依頼者名": "", "保安Ａ部品区分": "0", "サプライヤコード": "E820T2", "サプライヤ正式名": "ダイソウ工業株式会社", "プロジェクトＮｏ": "TA0", "納品書用品名ｶﾅ": "TANK;OIL", "調達品分野コード": "T3", "C表No/不良通知Ｎｏ": "", "次工程送先/支給先": "", "サプライヤ工場区分": "", "日立品目対応データ": "", "管理区分/貸方事業所": "00100010", "バーコードNo（納品書部）": "T042J968440K", "管理番号/包装ロット１・２": "", "バーコードNo（物流カード部）": "FF42J968440K"}",ERROR,"Missing required fields","2025-12-04 00:38:56","2025-12-04 00:38:56"
587,0001,FIRM,CSV,20251204取込済_E820T1-Y55-251204074545.csv,112,,NULL,NULL,,0.000,"{"M歴": "000", "単位": "7", "図歴": "004", "図番": "YD40002458", "棚番": "", "納期": "20251218", "表歴": "", "防錆": "", "項番": "", "送付No": "1296", "包装１": "", "包装２": "", "納入先": "ﾃｨｴﾗ", "総重量": "", "仕上重量": "", "保管場所": "MP9000", "受注番号": "", "受注項番": "", "塗装翻訳": "", "検査区分": "8", "注文数量": "5", "注文番号": "42J96858", "納入場所": "ｼｶﾞﾆｳｹ", "製造指図": "5C0009867492", "部品番号24": "YD40002458_0010-0010", "データ区分": "Y55", "データ種別": "HH495", "ポスト区分": "4", "ライン区分": "", "企業コード": "XXXXX", "備付マーク": "X", "原因コード": "", "組織コード": "TA0", "カンバンＮｏ": "", "レコード区分": "1", "不良責任部署": "", "事業所コード": "XXX", "検査区分翻訳": "ﾏﾙﾕｳ", "発注処理区分": "", "発注理由区分": "", "発注種類区分": "", "社内郵便番号": "", "納品書用品名": "ブレード", "経費依頼者名": "", "保安Ａ部品区分": "3", "サプライヤコード": "E820T2", "サプライヤ正式名": "ダイソウ工業株式会社", "プロジェクトＮｏ": "TA0", "納品書用品名ｶﾅ": "BLADE", "調達品分野コード": "T3", "C表No/不良通知Ｎｏ": "", "次工程送先/支給先": "", "サプライヤ工場区分": "", "日立品目対応データ": "", "管理区分/貸方事業所": "00100010", "バーコードNo（納品書部）": "T042J968580P", "管理番号/包装ロット１・２": "", "バーコードNo（物流カード部）": "FF42J968580P"}",ERROR,"Missing required fields","2025-12-04 00:38:56","2025-12-04 00:38:56"
588,0001,FIRM,CSV,20251204取込済_E820T1-Y55-251204074545.csv,113,,NULL,NULL,,0.000,"{"M歴": "001", "単位": "7", "図歴": "002", "図番": "YD40003684", "棚番": "", "納期": "20251218", "表歴": "", "防錆": "", "項番": "", "送付No": "1296", "包装１": "", "包装２": "", "納入先": "ﾃｨｴﾗ", "総重量": "", "仕上重量": "", "保管場所": "MP9000", "受注番号": "", "受注項番": "", "塗装翻訳": "", "検査区分": "8", "注文数量": "2", "注文番号": "42J97143", "納入場所": "ｼｶﾞﾆｳｹ", "製造指図": "5C0009868562", "部品番号24": "YD40003684_0010-0010", "データ区分": "Y55", "データ種別": "HH495", "ポスト区分": "4", "ライン区分": "", "企業コード": "XXXXX", "備付マーク": "X", "原因コード": "", "組織コード": "TA0", "カンバンＮｏ": "", "レコード区分": "1", "不良責任部署": "", "事業所コード": "XXX", "検査区分翻訳": "ﾏﾙﾕｳ", "発注処理区分": "", "発注理由区分": "", "発注種類区分": "", "社内郵便番号": "", "納品書用品名": "ブレード", "経費依頼者名": "", "保安Ａ部品区分": "3", "サプライヤコード": "E820T2", "サプライヤ正式名": "ダイソウ工業株式会社", "プロジェクトＮｏ": "TA0", "納品書用品名ｶﾅ": "BLADE", "調達品分野コード": "T3", "C表No/不良通知Ｎｏ": "", "次工程送先/支給先": "", "サプライヤ工場区分": "", "日立品目対応データ": "", "管理区分/貸方事業所": "00100010", "バーコードNo（納品書部）": "T042J971430D", "管理番号/包装ロット１・２": "", "バーコードNo（物流カード部）": "FF42J971430D"}",ERROR,"Missing required fields","2025-12-04 00:38:56","2025-12-04 00:38:56"
589,0001,FIRM,CSV,20251204取込済_E820T1-Y55-251204074545.csv,114,,NULL,NULL,,0.000,"{"M歴": "001", "単位": "7", "図歴": "001", "図番": "YD40005072", "棚番": "", "納期": "20251217", "表歴": "", "防錆": "", "項番": "", "送付No": "1296", "包装１": "", "包装２": "", "納入先": "ﾃｨｴﾗ", "総重量": "90.6", "仕上重量": "30.2", "保管場所": "KA9593", "受注番号": "", "受注項番": "", "塗装翻訳": "", "検査区分": "8", "注文数量": "3", "注文番号": "42J97286", "納入場所": "KA9593ﾆｳｹ", "製造指図": "", "部品番号24": "YD40005072A001", "データ区分": "Y55", "データ種別": "HH495", "ポスト区分": "4", "ライン区分": "", "企業コード": "XXXXX", "備付マーク": "X", "原因コード": "", "組織コード": "TA0", "カンバンＮｏ": "", "レコード区分": "1", "不良責任部署": "", "事業所コード": "XXX", "検査区分翻訳": "ﾏﾙﾕｳ", "発注処理区分": "", "発注理由区分": "", "発注種類区分": "", "社内郵便番号": "", "納品書用品名": "ブラケット", "経費依頼者名": "", "保安Ａ部品区分": "3", "サプライヤコード": "E820T2", "サプライヤ正式名": "ダイソウ工業株式会社", "プロジェクトＮｏ": "TA0", "納品書用品名ｶﾅ": "BRACKET", "調達品分野コード": "T3", "C表No/不良通知Ｎｏ": "", "次工程送先/支給先": "", "サプライヤ工場区分": "", "日立品目対応データ": "", "管理区分/貸方事業所": "", "バーコードNo（納品書部）": "T042J972860L", "管理番号/包装ロット１・２": "", "バーコードNo（物流カード部）": "FF42J972860L"}",ERROR,"Missing required fields","2025-12-04 00:38:56","2025-12-04 00:38:56"
590,0001,FIRM,CSV,20251204取込済_E820T1-Y55-251204074545.csv,115,,NULL,NULL,,0.000,"{"M歴": "012", "単位": "7", "図歴": "005", "図番": "YD60008491", "棚番": "", "納期": "20251218", "表歴": "005", "防錆": "", "項番": "", "送付No": "1296", "包装１": "", "包装２": "", "納入先": "ﾃｨｴﾗ", "総重量": "", "仕上重量": "", "保管場所": "MP9000", "受注番号": "", "受注項番": "", "塗装翻訳": "", "検査区分": "8", "注文数量": "6", "注文番号": "42J97291", "納入場所": "ｼｶﾞﾆｳｹ", "製造指図": "5C0009871184", "部品番号24": "YD60008491A002_0010-0010", "データ区分": "Y55", "データ種別": "HH495", "ポスト区分": "4", "ライン区分": "", "企業コード": "XXXXX", "備付マーク": "X", "原因コード": "", "組織コード": "TA0", "カンバンＮｏ": "", "レコード区分": "1", "不良責任部署": "", "事業所コード": "XXX", "検査区分翻訳": "ﾏﾙﾕｳ", "発注処理区分": "", "発注理由区分": "", "発注種類区分": "", "社内郵便番号": "", "納品書用品名": "タンク；オイル", "経費依頼者名": "", "保安Ａ部品区分": "0", "サプライヤコード": "E820T2", "サプライヤ正式名": "ダイソウ工業株式会社", "プロジェクトＮｏ": "TA0", "納品書用品名ｶﾅ": "TANK;OIL", "調達品分野コード": "T3", "C表No/不良通知Ｎｏ": "", "次工程送先/支給先": "", "サプライヤ工場区分": "", "日立品目対応データ": "", "管理区分/貸方事業所": "00100010", "バーコードNo（納品書部）": "T042J972910H", "管理番号/包装ロット１・２": "", "バーコードNo（物流カード部）": "FF42J972910H"}",ERROR,"Missing required fields","2025-12-04 00:38:56","2025-12-04 00:38:56"
591,0001,FIRM,CSV,20251204取込済_E820T1-Y55-251204074545.csv,116,,NULL,NULL,,0.000,"{"M歴": "012", "単位": "7", "図歴": "005", "図番": "YD60008491", "棚番": "", "納期": "20251218", "表歴": "005", "防錆": "", "項番": "", "送付No": "1296", "包装１": "", "包装２": "", "納入先": "ﾃｨｴﾗ", "総重量": "", "仕上重量": "", "保管場所": "MP9000", "受注番号": "", "受注項番": "", "塗装翻訳": "", "検査区分": "8", "注文数量": "6", "注文番号": "42J97292", "納入場所": "ｼｶﾞﾆｳｹ", "製造指図": "5C0009871185", "部品番号24": "YD60008491A002_0010-0010", "データ区分": "Y55", "データ種別": "HH495", "ポスト区分": "4", "ライン区分": "", "企業コード": "XXXXX", "備付マーク": "X", "原因コード": "", "組織コード": "TA0", "カンバンＮｏ": "", "レコード区分": "1", "不良責任部署": "", "事業所コード": "XXX", "検査区分翻訳": "ﾏﾙﾕｳ", "発注処理区分": "", "発注理由区分": "", "発注種類区分": "", "社内郵便番号": "", "納品書用品名": "タンク；オイル", "経費依頼者名": "", "保安Ａ部品区分": "0", "サプライヤコード": "E820T2", "サプライヤ正式名": "ダイソウ工業株式会社", "プロジェクトＮｏ": "TA0", "納品書用品名ｶﾅ": "TANK;OIL", "調達品分野コード": "T3", "C表No/不良通知Ｎｏ": "", "次工程送先/支給先": "", "サプライヤ工場区分": "", "日立品目対応データ": "", "管理区分/貸方事業所": "00100010", "バーコードNo（納品書部）": "T042J972920I", "管理番号/包装ロット１・２": "", "バーコードNo（物流カード部）": "FF42J972920I"}",ERROR,"Missing required fields","2025-12-04 00:38:56","2025-12-04 00:38:56"
592,0001,FIRM,CSV,20251204取込済_E820T1-Y55-251204074545.csv,117,,NULL,NULL,,0.000,"{"M歴": "000", "単位": "7", "図歴": "000", "図番": "YD40008387", "棚番": "", "納期": "20251217", "表歴": "", "防錆": "", "項番": "", "送付No": "1296", "包装１": "", "包装２": "", "納入先": "ﾃｨｴﾗ", "総重量": "29.1", "仕上重量": "29.1", "保管場所": "KA9593", "受注番号": "", "受注項番": "", "塗装翻訳": "", "検査区分": "8", "注文数量": "1", "注文番号": "42J97530", "納入場所": "KA9593ﾆｳｹ", "製造指図": "", "部品番号24": "YD40008387A001", "データ区分": "Y55", "データ種別": "HH495", "ポスト区分": "4", "ライン区分": "", "企業コード": "XXXXX", "備付マーク": "X", "原因コード": "", "組織コード": "TA0", "カンバンＮｏ": "", "レコード区分": "1", "不良責任部署": "", "事業所コード": "XXX", "検査区分翻訳": "ﾏﾙﾕｳ", "発注処理区分": "", "発注理由区分": "", "発注種類区分": "", "社内郵便番号": "", "納品書用品名": "ブラケット", "経費依頼者名": "", "保安Ａ部品区分": "3", "サプライヤコード": "E820T2", "サプライヤ正式名": "ダイソウ工業株式会社", "プロジェクトＮｏ": "TA0", "納品書用品名ｶﾅ": "BRACKET", "調達品分野コード": "T3", "C表No/不良通知Ｎｏ": "", "次工程送先/支給先": "", "サプライヤ工場区分": "", "日立品目対応データ": "", "管理区分/貸方事業所": "", "バーコードNo（納品書部）": "T042J975300D", "管理番号/包装ロット１・２": "", "バーコードNo（物流カード部）": "FF42J975300D"}",ERROR,"Missing required fields","2025-12-04 00:38:56","2025-12-04 00:38:56"
593,0001,FIRM,CSV,20251204取込済_E820T1-Y55-251204074545.csv,118,,NULL,NULL,,0.000,"{"M歴": "003", "単位": "7", "図歴": "003", "図番": "YD60000441", "棚番": "", "納期": "20251218", "表歴": "004", "防錆": "", "項番": "", "送付No": "1296", "包装１": "", "包装２": "", "納入先": "ﾃｨｴﾗ", "総重量": "", "仕上重量": "", "保管場所": "MP9000", "受注番号": "", "受注項番": "", "塗装翻訳": "", "検査区分": "8", "注文数量": "12", "注文番号": "42J97546", "納入場所": "ｼｶﾞﾆｳｹ", "製造指図": "5C0009870882", "部品番号24": "YD60000441A002_0010-0010", "データ区分": "Y55", "データ種別": "HH495", "ポスト区分": "4", "ライン区分": "", "企業コード": "XXXXX", "備付マーク": "X", "原因コード": "", "組織コード": "TA0", "カンバンＮｏ": "", "レコード区分": "1", "不良責任部署": "", "事業所コード": "XXX", "検査区分翻訳": "ﾏﾙﾕｳ", "発注処理区分": "", "発注理由区分": "", "発注種類区分": "", "社内郵便番号": "", "納品書用品名": "タンク；オイル", "経費依頼者名": "", "保安Ａ部品区分": "0", "サプライヤコード": "E820T2", "サプライヤ正式名": "ダイソウ工業株式会社", "プロジェクトＮｏ": "TA0", "納品書用品名ｶﾅ": "TANK;OIL", "調達品分野コード": "T3", "C表No/不良通知Ｎｏ": "", "次工程送先/支給先": "", "サプライヤ工場区分": "", "日立品目対応データ": "", "管理区分/貸方事業所": "00100010", "バーコードNo（納品書部）": "T042J975460K", "管理番号/包装ロット１・２": "", "バーコードNo（物流カード部）": "FF42J975460K"}",ERROR,"Missing required fields","2025-12-04 00:38:56","2025-12-04 00:38:56"
594,0001,FIRM,CSV,20251204取込済_E820T1-Y55-251204074545.csv,119,,NULL,NULL,,0.000,"{"M歴": "001", "単位": "7", "図歴": "003", "図番": "YD60003386", "棚番": "", "納期": "20251218", "表歴": "003", "防錆": "", "項番": "", "送付No": "1296", "包装１": "", "包装２": "", "納入先": "ﾃｨｴﾗ", "総重量": "", "仕上重量": "", "保管場所": "MP9000", "受注番号": "", "受注項番": "", "塗装翻訳": "", "検査区分": "8", "注文数量": "8", "注文番号": "42J97563", "納入場所": "ｼｶﾞﾆｳｹ", "製造指図": "5C0009870888", "部品番号24": "YD60003386A002_0010-0010", "データ区分": "Y55", "データ種別": "HH495", "ポスト区分": "4", "ライン区分": "", "企業コード": "XXXXX", "備付マーク": "X", "原因コード": "", "組織コード": "TA0", "カンバンＮｏ": "", "レコード区分": "1", "不良責任部署": "", "事業所コード": "XXX", "検査区分翻訳": "ﾏﾙﾕｳ", "発注処理区分": "", "発注理由区分": "", "発注種類区分": "", "社内郵便番号": "", "納品書用品名": "タンク；オイル", "経費依頼者名": "", "保安Ａ部品区分": "0", "サプライヤコード": "E820T2", "サプライヤ正式名": "ダイソウ工業株式会社", "プロジェクトＮｏ": "TA0", "納品書用品名ｶﾅ": "TANK;OIL", "調達品分野コード": "T3", "C表No/不良通知Ｎｏ": "", "次工程送先/支給先": "", "サプライヤ工場区分": "", "日立品目対応データ": "", "管理区分/貸方事業所": "00100010", "バーコードNo（納品書部）": "T042J975630J", "管理番号/包装ロット１・２": "", "バーコードNo（物流カード部）": "FF42J975630J"}",ERROR,"Missing required fields","2025-12-04 00:38:56","2025-12-04 00:38:56"
595,0001,FIRM,CSV,20251204取込済_E820T1-Y55-251204074545.csv,120,,NULL,NULL,,0.000,"{"M歴": "002", "単位": "7", "図歴": "001", "図番": "YD60011305", "棚番": "", "納期": "20251218", "表歴": "001", "防錆": "", "項番": "", "送付No": "1296", "包装１": "", "包装２": "", "納入先": "ﾃｨｴﾗ", "総重量": "", "仕上重量": "", "保管場所": "MP9000", "受注番号": "", "受注項番": "", "塗装翻訳": "", "検査区分": "8", "注文数量": "2", "注文番号": "42J97676", "納入場所": "ｼｶﾞﾆｳｹ", "製造指図": "5C0009871192", "部品番号24": "YD60011305A002_0010-0010", "データ区分": "Y55", "データ種別": "HH495", "ポスト区分": "4", "ライン区分": "", "企業コード": "XXXXX", "備付マーク": "X", "原因コード": "", "組織コード": "TA0", "カンバンＮｏ": "", "レコード区分": "1", "不良責任部署": "", "事業所コード": "XXX", "検査区分翻訳": "ﾏﾙﾕｳ", "発注処理区分": "", "発注理由区分": "", "発注種類区分": "", "社内郵便番号": "", "納品書用品名": "タンク；オイル", "経費依頼者名": "", "保安Ａ部品区分": "0", "サプライヤコード": "E820T2", "サプライヤ正式名": "ダイソウ工業株式会社", "プロジェクトＮｏ": "TA0", "納品書用品名ｶﾅ": "TANK;OIL", "調達品分野コード": "T3", "C表No/不良通知Ｎｏ": "", "次工程送先/支給先": "", "サプライヤ工場区分": "", "日立品目対応データ": "", "管理区分/貸方事業所": "00100010", "バーコードNo（納品書部）": "T042J976760O", "管理番号/包装ロット１・２": "", "バーコードNo（物流カード部）": "FF42J976760O"}",ERROR,"Missing required fields","2025-12-04 00:38:56","2025-12-04 00:38:56"
